id,year,sex,age,edu,income,height,weight,bmi,sbp,dbp,chol,glucose,smk,smk_amt,drink,exercise,htn_med,htn
1,2024,1,55,3,3,167.7,50.2,17.86,100,57,146.0,60.0,1,18,1,2,0,0
2,2024,1,27,1,3,167.0,,,107,57,132.0,,3,888,2,1,0,0
3,2024,1,41,9,1,178.2,70.2,22.11,105,67,155.0,,1,20,3,1,0,0
4,2024,2,65,2,1,168.7,65.4,22.99,139,70,169.0,112.0,2,888,2,1,1,1
5,2024,1,56,3,2,168.7,76.6,26.94,128,69,185.0,99.0,2,888,2,1,0,0
6,2024,2,50,4,1,150.2,49.2,21.8,124,83,142.0,82.0,3,888,1,2,0,0
7,2024,2,74,3,3,157.6,56.3,22.66,140,72,152.0,106.0,3,888,2,2,1,1
8,2024,1,34,3,4,174.5,67.5,22.17,109,72,193.0,99.0,1,12,3,1,0,0
9,2024,2,45,1,2,162.2,56.8,21.61,118,68,172.0,76.0,3,888,3,2,0,0
10,2024,1,38,3,1,181.2,,,109,59,134.0,92.0,2,888,1,2,0,0
11,2024,2,46,3,2,159.4,65.0,25.6,127,74,197.0,81.0,2,888,2,1,0,0
12,2024,1,32,3,4,166.2,62.6,22.66,116,73,158.0,98.0,2,888,2,1,0,0
13,2024,2,19,2,4,165.6,,,94,52,80.0,70.0,2,888,2,2,0,0
14,2024,2,30,3,9,157.2,76.8,31.07,118,60,176.0,107.0,1,12,2,1,0,0
15,2024,2,39,4,4,156.8,57.0,23.17,101,62,179.0,108.0,3,888,3,2,0,0
16,2024,2,54,1,1,157.0,75.4,30.57,146,77,180.0,106.0,3,888,1,2,0,1
17,2024,1,53,3,2,171.0,76.4,26.12,122,71,146.0,105.0,2,888,2,1,0,0
18,2024,1,41,4,4,162.4,60.3,22.85,118,70,189.0,,3,888,1,1,0,0
19,2024,1,22,2,2,166.7,49.4,17.76,79,57,,79.0,3,888,2,1,0,0
20,2024,2,78,2,2,158.6,75.4,29.94,151,89,190.0,92.0,3,888,3,2,0,1
21,2024,2,36,3,2,168.4,67.9,23.94,100,83,,84.0,3,888,1,1,0,0
22,2024,1,83,2,3,177.3,89.6,28.52,128,73,214.0,103.0,3,888,3,1,0,0
23,2024,1,66,2,4,174.4,,,154,87,185.0,98.0,1,6,3,1,1,1
24,2024,1,72,3,2,166.4,,,129,75,229.0,82.0,1,6,2,2,0,0
25,2024,1,58,3,9,175.7,74.9,24.25,145,79,144.0,130.0,1,13,2,2,1,1
26,2024,1,89,1,9,170.4,67.9,23.39,999,999,218.0,,3,888,2,1,0,0
27,2024,2,44,3,1,157.9,58.3,23.37,104,64,185.0,69.0,1,999,3,1,0,0
28,2024,2,28,4,4,154.0,75.0,31.64,105,64,189.0,82.0,1,9,2,2,0,0
29,2024,1,36,1,1,173.7,71.3,23.63,999,999,167.0,97.0,1,15,1,2,0,0
30,2024,2,69,4,4,160.6,59.4,23.04,999,999,172.0,71.0,2,888,3,2,0,0
31,2024,1,28,4,3,170.3,70.6,24.35,118,75,156.0,62.0,1,10,2,2,0,0
32,2024,2,45,4,2,154.8,78.8,32.88,104,76,171.0,95.0,3,888,2,1,0,0
33,2024,2,53,2,3,158.4,54.9,21.86,124,74,,89.0,3,888,1,2,0,0
34,2024,1,38,3,2,169.1,48.1,16.83,105,63,196.0,88.0,3,888,2,2,0,0
35,2024,1,86,2,4,172.3,71.8,24.18,999,999,226.0,129.0,1,14,1,1,1,1
36,2024,1,40,2,4,170.9,69.7,23.85,134,81,143.0,67.0,1,16,3,1,0,0
37,2024,1,39,4,4,162.6,63.8,24.13,106,68,128.0,105.0,3,888,1,1,0,0
38,2024,1,19,9,1,174.5,85.8,28.19,76,50,179.0,91.0,3,888,1,2,0,0
39,2024,1,51,1,2,177.3,74.0,23.56,111,62,147.0,,3,888,2,1,0,0
40,2024,2,59,4,4,153.3,54.8,23.33,124,70,180.0,117.0,1,9,1,1,0,0
41,2024,1,39,1,3,173.9,69.9,23.14,100,48,,114.0,3,888,2,2,0,0
42,2024,1,52,1,3,171.7,,,105,75,105.0,86.0,1,5,3,2,0,0
43,2024,1,29,3,3,163.6,67.8,25.34,110,76,146.0,,1,12,2,2,0,0
44,2024,2,27,4,4,158.0,46.3,18.54,106,76,144.0,99.0,3,888,1,2,0,0
45,2024,2,51,4,4,156.3,58.0,23.75,120,68,150.0,60.0,3,888,3,2,0,0
46,2024,1,27,3,4,169.3,57.0,19.9,106,69,,53.0,1,16,1,2,0,0
47,2024,2,63,3,1,159.5,59.6,23.44,118,75,207.0,107.0,3,888,1,2,0,0
48,2024,2,51,2,3,154.7,61.3,25.62,106,70,192.0,102.0,2,888,3,1,0,0
49,2024,2,47,4,3,166.0,48.4,17.59,88,64,90.0,99.0,3,888,3,2,0,0
50,2024,1,26,1,3,161.4,62.8,24.09,110,71,133.0,71.0,3,888,2,2,0,0
51,2024,2,48,3,4,155.4,69.4,28.75,109,73,154.0,111.0,3,888,3,1,0,0
52,2024,1,40,3,3,176.0,64.3,20.77,93,54,143.0,95.0,3,888,2,1,0,0
53,2024,1,73,3,3,166.0,74.5,27.04,138,75,228.0,84.0,3,888,2,1,0,0
54,2024,2,68,2,1,161.6,58.0,22.21,999,999,126.0,98.0,3,888,3,2,1,1
55,2024,2,72,1,2,156.2,74.7,30.61,144,86,202.0,74.0,3,888,2,1,1,1
56,2024,1,68,3,1,173.6,,,999,999,160.0,103.0,3,888,3,2,0,0
57,2024,2,51,3,4,156.3,59.3,24.3,118,83,116.0,125.0,3,888,1,2,0,0
58,2024,1,55,1,1,181.0,,,130,73,162.0,,2,888,2,1,0,0
59,2024,1,55,2,4,166.7,74.1,26.66,125,71,143.0,108.0,3,888,2,1,0,0
60,2024,2,68,3,1,148.8,72.3,32.66,124,70,185.0,102.0,3,888,2,1,0,0
61,2024,2,29,2,4,162.5,53.1,20.12,108,58,,58.0,3,888,3,2,0,0
62,2024,1,47,3,9,171.2,57.6,19.63,117,71,184.0,70.0,2,888,1,1,0,0
63,2024,2,82,3,2,164.6,52.3,19.33,126,69,192.0,101.0,3,888,2,2,0,0
64,2024,2,19,1,3,154.0,39.9,16.84,97,62,178.0,,3,888,2,2,0,0
65,2024,1,86,3,1,168.9,,,999,999,215.0,98.0,2,888,1,2,1,1
66,2024,1,30,2,3,169.5,82.2,28.61,119,79,,83.0,3,888,1,1,0,0
67,2024,2,67,3,2,152.1,,,999,999,171.0,143.0,2,888,2,2,0,1
68,2024,2,65,2,2,162.1,59.8,22.76,999,999,97.0,111.0,1,19,2,2,0,0
69,2024,2,62,3,1,155.2,77.6,32.21,126,75,138.0,,2,888,2,1,1,1
70,2024,1,75,4,2,163.3,,,131,86,167.0,110.0,3,888,3,1,0,0
71,2024,1,44,3,3,160.6,65.9,25.52,116,67,173.0,,1,18,2,1,0,0
72,2024,1,63,3,1,178.7,69.3,21.7,108,67,154.0,103.0,3,888,3,1,0,0
73,2024,1,59,1,1,173.4,,,999,999,182.0,130.0,1,11,1,2,1,1
74,2024,1,57,4,2,173.6,73.3,24.3,137,74,205.0,104.0,3,888,3,1,1,1
75,2024,1,56,3,3,174.7,46.3,15.19,108,63,151.0,74.0,3,888,1,1,0,0
76,2024,2,28,4,4,159.4,57.3,22.53,128,64,,69.0,3,888,3,1,0,0
77,2024,2,52,4,4,151.7,54.6,23.75,116,69,137.0,122.0,3,888,1,1,0,0
78,2024,1,54,2,3,166.0,60.3,21.9,127,79,168.0,88.0,1,15,3,1,0,0
79,2024,1,66,4,1,175.4,74.2,24.11,125,63,,89.0,1,14,2,1,0,0
80,2024,2,44,4,4,157.7,73.2,29.41,102,70,141.0,91.0,3,888,1,1,0,0
81,2024,1,84,3,2,177.3,81.2,25.81,145,87,147.0,102.0,3,888,1,2,1,1
82,2024,2,77,4,3,169.6,,,152,77,199.0,108.0,3,888,2,2,1,1
83,2024,2,45,2,3,153.0,60.0,25.62,126,71,168.0,109.0,3,888,3,1,0,0
84,2024,2,67,2,2,151.3,63.6,27.78,120,74,112.0,96.0,3,888,2,2,0,0
85,2024,2,34,2,2,164.3,,,999,999,176.0,123.0,3,888,2,1,0,0
86,2024,1,59,3,2,170.4,47.6,16.39,999,999,,91.0,1,8,2,2,0,0
87,2024,1,35,3,9,174.9,,,116,69,147.0,,3,888,2,1,0,0
88,2024,2,59,3,3,149.6,,,144,73,189.0,,3,888,1,1,0,1
89,2024,2,75,3,4,162.1,61.4,23.37,119,70,166.0,102.0,3,888,3,2,0,0
90,2024,2,52,3,3,154.6,62.4,26.13,112,60,163.0,69.0,3,888,2,1,0,0
91,2024,2,79,3,3,161.8,71.6,27.33,148,80,161.0,86.0,2,888,1,2,0,1
92,2024,2,20,1,9,150.6,63.2,27.88,136,74,,117.0,1,17,1,2,0,0
93,2024,1,41,1,1,169.2,57.5,20.07,141,79,158.0,66.0,2,888,2,2,0,1
94,2024,1,63,3,1,162.1,57.1,21.73,103,52,125.0,107.0,3,888,2,2,0,0
95,2024,2,46,3,9,158.4,48.2,19.2,91,63,211.0,71.0,3,888,3,1,0,0
96,2024,1,62,3,3,167.0,64.5,23.13,124,84,139.0,77.0,3,888,3,2,0,0
97,2024,1,48,4,3,168.1,54.0,19.09,109,71,125.0,94.0,3,888,2,2,0,0
98,2024,1,44,1,2,164.4,,,126,69,207.0,74.0,1,16,3,1,0,0
99,2024,1,57,3,4,177.6,70.7,22.4,120,82,,101.0,3,888,2,1,0,0
100,2024,2,67,2,1,163.8,73.9,27.55,120,74,,110.0,3,888,2,1,0,0
101,2024,2,51,1,1,164.7,58.4,21.52,120,77,85.0,86.0,2,888,3,1,0,0
102,2024,2,55,1,9,156.7,69.9,28.47,125,89,,,2,888,2,1,0,0
103,2024,2,63,2,2,156.4,56.8,23.21,121,74,232.0,89.0,3,888,3,1,0,0
104,2024,1,75,1,1,173.3,,,129,83,192.0,90.0,3,888,1,2,0,0
105,2024,1,28,4,4,172.7,61.3,20.56,83,61,135.0,105.0,2,888,2,1,0,0
106,2024,1,27,3,3,176.1,64.3,20.74,76,46,173.0,97.0,3,888,2,1,0,0
107,2024,2,69,3,3,160.7,78.9,30.54,108,65,173.0,109.0,3,888,1,1,0,0
108,2024,1,23,1,1,170.7,,,119,74,137.0,84.0,1,999,2,1,0,0
109,2024,2,42,2,2,158.2,50.2,20.03,107,63,,115.0,3,888,2,2,0,0
110,2024,2,35,4,2,158.4,54.2,21.6,119,78,119.0,82.0,3,888,1,1,0,0
111,2024,1,45,4,4,175.6,63.1,20.44,102,66,183.0,79.0,3,888,2,2,0,0
112,2024,1,42,3,4,177.0,77.1,24.61,117,69,183.0,105.0,3,888,3,2,0,0
113,2024,1,49,2,3,168.1,,,118,71,178.0,114.0,1,12,1,1,0,0
114,2024,2,65,1,1,160.5,64.7,25.11,117,74,210.0,98.0,2,888,3,2,1,1
115,2024,2,63,2,4,155.0,54.3,22.58,134,85,221.0,101.0,3,888,3,2,0,0
116,2024,1,69,2,9,176.5,,,999,999,215.0,116.0,3,888,2,2,0,0
117,2024,1,44,2,1,175.9,79.6,25.73,104,71,167.0,84.0,1,20,1,2,0,0
118,2024,1,62,4,3,169.5,,,124,75,195.0,100.0,1,12,2,2,0,0
119,2024,1,54,2,4,167.1,45.0,16.11,106,60,194.0,92.0,3,888,2,1,0,0
120,2024,1,56,1,2,163.1,46.7,17.56,102,73,199.0,79.0,2,888,3,1,1,1
121,2024,2,74,3,1,155.6,65.2,26.93,127,72,190.0,86.0,3,888,2,2,1,1
122,2024,1,71,4,3,171.9,78.6,26.58,126,78,,99.0,3,888,2,2,0,0
123,2024,1,53,4,2,166.1,80.6,29.21,129,79,179.0,110.0,1,23,2,2,0,0
124,2024,2,42,3,3,176.1,,,97,64,225.0,79.0,1,22,3,1,0,0
125,2024,2,73,1,1,161.7,51.1,19.53,999,999,115.0,95.0,3,888,3,2,0,0
126,2024,2,89,3,2,149.1,56.0,25.19,999,999,192.0,111.0,3,888,2,1,1,1
127,2024,1,46,2,9,169.7,74.2,25.76,116,74,156.0,107.0,2,888,2,1,0,0
128,2024,1,19,4,1,171.6,72.0,24.42,102,69,120.0,82.0,3,888,1,1,0,0
129,2024,2,57,3,3,160.3,52.7,20.5,126,79,160.0,88.0,3,888,3,2,0,0
130,2024,2,54,2,9,153.7,60.7,25.7,126,73,142.0,92.0,2,888,3,1,1,1
131,2024,9,44,2,2,157.4,71.7,28.93,111,80,203.0,,3,888,1,1,0,0
132,2024,1,63,1,1,166.4,80.9,29.2,999,999,207.0,102.0,3,888,2,2,0,0
133,2024,2,42,2,1,151.4,70.8,30.89,999,999,201.0,113.0,3,888,2,2,0,0
134,2024,2,34,3,4,149.4,55.7,24.92,999,999,,,3,888,1,2,0,0
135,2024,1,39,4,1,155.6,49.9,20.62,131,72,102.0,71.0,3,888,3,1,0,0
136,2024,2,41,3,4,147.5,58.9,27.09,122,51,174.0,94.0,3,888,2,1,0,0
137,2024,2,47,4,4,153.9,40.7,17.18,100,78,168.0,80.0,2,888,2,1,0,0
138,2024,2,69,2,2,158.5,70.4,28.03,134,85,190.0,93.0,2,888,1,1,0,0
139,2024,1,47,4,2,168.7,55.2,19.4,131,83,,73.0,1,5,3,1,0,0
140,2024,2,53,3,3,153.3,67.9,28.9,110,63,134.0,109.0,2,888,3,1,0,0
141,2024,1,46,4,2,167.0,69.3,24.86,116,71,198.0,116.0,1,16,3,1,0,0
142,2024,2,59,1,1,166.3,,,111,68,186.0,,9,999,2,1,0,0
143,2024,1,34,2,1,165.7,67.5,24.59,108,81,198.0,108.0,3,888,1,1,0,0
144,2024,1,81,2,4,163.3,59.0,22.12,151,81,203.0,100.0,1,12,2,1,1,1
145,2024,2,66,3,2,154.8,56.0,23.36,999,999,237.0,95.0,3,888,1,1,0,0
146,2024,2,69,2,4,160.5,62.3,24.18,999,999,252.0,,3,888,1,2,0,0
147,2024,1,51,3,3,167.8,,,85,55,197.0,,1,17,2,1,0,0
148,2024,1,55,3,4,177.2,80.9,25.79,140,101,195.0,95.0,2,888,2,2,1,1
149,2024,2,51,1,1,153.2,70.0,29.85,999,999,180.0,112.0,3,888,2,1,0,1
150,2024,2,55,2,9,152.2,60.9,26.3,123,79,146.0,92.0,3,888,2,2,0,0
151,2024,2,56,3,2,150.4,54.8,24.21,117,69,222.0,119.0,3,888,2,1,0,0
152,2024,1,52,3,9,174.1,81.4,26.87,125,84,151.0,101.0,3,888,1,1,0,0
153,2024,1,42,2,1,171.7,60.6,20.54,999,999,,103.0,1,14,3,1,1,1
154,2024,1,56,1,2,175.2,66.1,21.51,125,68,125.0,79.0,1,7,3,2,0,0
155,2024,1,62,3,2,174.7,85.3,27.95,110,67,175.0,81.0,3,888,1,2,1,1
156,2024,1,55,2,2,169.5,68.9,23.95,123,72,220.0,,1,16,3,1,1,1
157,2024,2,68,3,2,153.3,60.5,25.77,146,76,161.0,77.0,3,888,2,2,0,1
158,2024,1,53,1,3,157.5,54.6,22.01,101,65,,98.0,2,888,3,2,0,0
159,2024,2,50,3,2,153.1,45.3,19.34,119,74,208.0,91.0,3,888,2,1,0,0
160,2024,1,40,3,1,168.7,62.5,21.95,112,60,159.0,90.0,9,999,2,2,0,0
161,2024,2,79,1,3,146.4,63.2,29.48,999,999,182.0,69.0,2,888,3,1,0,1
162,2024,1,57,3,1,180.1,66.4,20.46,148,70,154.0,87.0,1,17,1,1,0,1
163,2024,1,65,1,9,166.4,72.3,26.09,999,999,222.0,100.0,3,888,3,2,0,1
164,2024,1,73,3,3,165.0,53.9,19.79,119,75,144.0,35.0,1,9,3,1,0,0
165,2024,2,70,4,3,152.7,73.8,31.66,999,999,,93.0,2,888,2,1,0,0
166,2024,1,77,3,3,179.2,,,105,68,157.0,129.0,1,13,2,2,0,0
167,2024,1,63,3,3,159.8,49.2,19.27,112,79,175.0,71.0,9,999,2,2,0,0
168,2024,1,49,4,3,173.8,,,118,62,145.0,109.0,3,888,2,1,0,0
169,2024,1,53,3,1,174.9,60.1,19.66,151,89,188.0,89.0,3,888,1,2,0,1
170,2024,1,57,4,3,179.9,66.6,20.58,132,75,147.0,93.0,3,888,1,1,0,0
171,2024,2,19,1,9,161.3,,,103,65,175.0,,3,888,2,2,0,0
172,2024,2,53,4,4,152.8,55.3,23.67,999,999,167.0,112.0,3,888,2,1,0,0
173,2024,1,45,1,4,167.6,70.3,25.05,135,68,182.0,90.0,1,11,3,1,0,0
174,2024,2,51,2,2,162.4,70.7,26.79,123,73,178.0,107.0,1,999,2,1,0,0
175,2024,2,28,2,2,161.0,61.3,23.65,122,63,156.0,73.0,3,888,2,2,0,0
176,2024,1,59,3,1,175.3,78.5,25.54,136,79,163.0,97.0,3,888,3,2,0,0
177,2024,2,36,1,1,157.2,67.2,27.21,99,69,116.0,84.0,3,888,1,2,0,0
178,2024,1,52,1,3,163.6,46.8,17.49,108,65,,,3,888,1,2,0,0
179,2024,1,45,4,3,156.8,58.2,23.68,111,64,,87.0,2,888,3,1,0,0
180,2024,1,49,3,1,173.1,77.5,25.88,126,71,159.0,106.0,1,999,1,1,0,0
181,2024,2,54,9,9,159.9,52.2,20.41,140,89,141.0,82.0,3,888,3,1,0,1
182,2024,2,45,1,3,158.9,56.7,22.46,131,87,209.0,65.0,2,888,3,2,0,0
183,2024,1,62,2,2,167.2,56.4,20.17,117,64,187.0,70.0,3,888,2,1,0,0
184,2024,2,46,3,4,176.4,56.5,18.17,107,66,167.0,101.0,3,888,3,1,0,0
185,2024,2,53,2,2,153.2,51.0,21.73,999,999,161.0,88.0,3,888,3,1,0,0
186,2024,2,43,2,1,162.5,54.0,20.47,111,70,152.0,93.0,1,14,2,2,0,0
187,2024,1,39,2,1,160.6,69.4,26.89,126,76,240.0,79.0,3,888,2,2,0,0
188,2024,1,62,2,3,181.0,60.1,18.36,116,62,131.0,75.0,3,888,1,1,0,0
189,2024,2,54,2,2,148.0,53.4,24.38,125,62,,86.0,3,888,3,2,0,0
190,2024,1,70,3,4,167.8,76.8,27.28,143,77,217.0,110.0,3,888,1,1,0,1
191,2024,2,59,3,2,158.5,63.7,25.34,155,87,163.0,103.0,3,888,2,1,0,1
192,2024,2,55,2,3,163.5,84.3,31.53,119,70,168.0,92.0,3,888,2,2,0,0
193,2024,2,81,4,2,161.5,68.5,26.23,171,89,211.0,101.0,3,888,2,2,0,1
194,2024,2,48,3,3,148.8,61.3,27.67,127,59,154.0,120.0,3,888,2,1,0,0
195,2024,1,59,1,9,175.9,86.1,27.84,115,74,192.0,102.0,3,888,1,2,0,0
196,2024,2,62,2,3,149.4,59.0,26.43,133,68,140.0,127.0,3,888,1,1,0,0
197,2024,1,46,2,9,156.6,61.1,24.9,98,57,165.0,98.0,3,888,3,1,0,0
198,2024,1,45,3,3,171.1,70.5,24.09,126,85,198.0,86.0,3,888,1,1,0,0
199,2024,2,41,2,2,167.5,58.3,20.79,118,81,203.0,89.0,2,888,2,1,0,0
200,2024,1,48,1,1,167.0,52.2,18.69,125,83,169.0,67.0,1,17,2,1,0,0
201,2024,2,52,2,2,159.3,55.8,22.01,132,78,202.0,103.0,9,999,2,1,0,0
202,2024,2,38,3,1,146.5,66.9,31.18,112,71,180.0,109.0,3,888,2,1,1,1
203,2024,1,40,3,2,171.7,68.3,23.17,119,82,103.0,100.0,2,888,3,2,0,0
204,2024,1,49,1,2,173.6,68.5,22.74,125,77,203.0,99.0,3,888,1,1,0,0
205,2024,1,24,1,2,186.6,78.0,22.4,129,80,161.0,107.0,3,888,3,1,0,0
206,2024,1,30,4,2,173.8,65.8,21.78,95,84,156.0,94.0,3,888,2,1,0,0
207,2024,1,51,9,3,174.7,,,135,81,157.0,93.0,3,888,3,1,0,0
208,2024,2,62,1,1,156.5,49.8,20.36,115,67,114.0,94.0,2,888,2,1,0,0
209,2024,1,40,3,2,158.2,59.4,23.75,117,72,116.0,82.0,3,888,2,1,0,0
210,2024,1,79,1,2,173.7,69.8,23.11,999,999,219.0,101.0,1,28,2,2,0,0
211,2024,2,36,1,1,154.7,59.0,24.64,111,57,207.0,,3,888,3,1,0,0
212,2024,1,68,2,4,180.0,60.9,18.79,120,68,175.0,91.0,3,888,2,1,0,0
213,2024,1,65,2,1,170.9,61.1,20.91,154,84,189.0,84.0,1,8,1,2,0,1
214,2024,1,64,3,3,172.9,,,101,70,194.0,87.0,3,888,2,2,0,0
215,2024,1,47,1,9,190.0,,,110,66,,64.0,3,888,1,2,0,0
216,2024,1,59,2,9,174.0,61.9,20.44,131,88,105.0,111.0,2,888,1,2,0,0
217,2024,1,58,3,4,172.1,75.7,25.56,117,84,204.0,95.0,3,888,1,2,0,0
218,2024,2,36,1,4,153.7,36.0,15.23,95,51,168.0,90.0,1,23,2,2,0,0
219,2024,2,62,3,3,157.2,57.8,23.39,126,75,126.0,125.0,3,888,1,2,0,0
220,2024,1,82,3,9,165.9,56.7,20.58,137,74,225.0,138.0,3,888,2,2,1,1
221,2024,2,58,2,1,154.4,52.4,21.96,92,69,217.0,81.0,3,888,1,1,0,0
222,2024,2,52,1,4,148.5,53.6,24.33,117,67,,84.0,1,23,1,2,0,0
223,2024,1,19,2,3,176.6,84.4,27.05,107,85,183.0,,1,16,1,1,0,0
224,2024,2,73,2,9,157.0,65.4,26.52,117,73,193.0,93.0,3,888,2,2,0,0
225,2024,1,61,3,4,167.0,61.6,22.08,121,61,197.0,84.0,2,888,2,2,0,0
226,2024,2,46,3,1,161.9,,,135,80,208.0,100.0,2,888,2,1,0,0
227,2024,2,29,1,3,145.1,52.6,24.96,128,75,141.0,88.0,2,888,2,1,0,0
228,2024,1,19,3,4,169.5,51.7,18.02,98,76,118.0,62.0,1,9,3,2,0,0
229,2024,2,62,3,3,160.3,62.9,24.47,116,72,142.0,95.0,3,888,3,2,0,0
230,2024,2,36,2,3,170.6,78.2,26.87,94,61,99.0,95.0,3,888,3,1,0,0
231,2024,2,52,4,2,158.6,64.0,25.42,91,55,160.0,76.0,3,888,2,2,0,0
232,2024,2,53,2,2,155.6,64.7,26.75,154,94,185.0,91.0,2,888,3,1,0,1
233,2024,1,34,4,4,187.4,65.6,18.69,103,54,176.0,71.0,1,4,3,2,0,0
234,2024,2,69,3,4,158.0,65.5,26.25,137,83,205.0,90.0,3,888,3,1,0,0
235,2024,2,46,3,4,167.2,73.2,26.19,105,77,188.0,108.0,1,8,1,1,0,0
236,2024,1,51,3,4,172.7,76.8,25.74,113,72,195.0,91.0,3,888,2,1,0,0
237,2024,2,40,2,3,156.3,61.4,25.15,105,78,146.0,87.0,3,888,1,2,0,0
238,2024,2,47,3,3,159.6,78.3,30.74,123,74,212.0,103.0,3,888,1,1,0,0
239,2024,1,41,1,9,175.0,78.1,25.48,111,63,,106.0,1,14,3,1,0,0
240,2024,1,89,2,1,174.4,83.0,27.28,999,999,172.0,102.0,3,888,2,2,1,1
241,2024,1,54,2,1,167.2,46.4,16.6,144,76,187.0,,3,888,2,1,0,1
242,2024,2,56,3,4,167.6,59.3,21.13,127,73,195.0,83.0,2,888,2,2,0,0
243,2024,1,45,2,1,167.6,61.1,21.78,88,54,187.0,65.0,3,888,3,1,0,0
244,2024,2,75,3,2,161.0,62.3,24.03,125,64,,72.0,3,888,2,1,1,1
245,2024,2,53,2,2,153.4,51.5,21.89,109,79,,73.0,3,888,1,2,0,0
246,2024,2,19,4,3,152.8,58.8,25.18,91,61,223.0,,3,888,1,1,0,0
247,2024,1,49,2,4,161.9,60.9,23.25,130,70,168.0,84.0,1,19,2,1,0,0
248,2024,1,44,3,3,167.6,63.6,22.62,125,73,167.0,80.0,3,888,1,1,0,0
249,2024,2,60,4,4,161.2,68.4,26.32,117,78,163.0,117.0,3,888,3,1,0,0
250,2024,1,63,4,3,172.4,,,119,74,139.0,93.0,9,999,2,1,1,1
251,2024,2,48,3,3,163.1,,,118,68,,73.0,2,888,2,1,0,0
252,2024,2,47,2,1,154.8,,,99,60,,72.0,1,22,1,1,0,0
253,2024,1,28,1,4,172.8,62.6,20.97,117,69,,,1,17,2,2,0,0
254,2024,1,56,1,1,184.8,77.9,22.79,999,999,126.0,77.0,3,888,1,2,0,0
255,2024,1,65,3,1,168.8,60.6,21.28,124,78,174.0,98.0,1,5,3,2,0,0
256,2024,2,50,3,4,160.1,49.3,19.24,99,67,128.0,119.0,3,888,2,2,0,0
257,2024,1,69,2,1,164.4,66.2,24.47,126,70,220.0,,3,888,1,2,0,0
258,2024,2,53,1,4,150.7,66.2,29.15,999,999,153.0,86.0,3,888,3,2,0,0
259,2024,1,41,3,9,173.6,36.1,11.99,109,67,81.0,91.0,1,21,2,2,0,0
260,2024,2,51,3,4,155.2,77.4,32.16,117,75,197.0,84.0,1,14,3,2,1,1
261,2024,1,69,3,3,164.6,49.4,18.22,142,83,109.0,121.0,3,888,3,1,0,1
262,2024,2,40,1,1,152.6,57.6,24.72,999,999,171.0,92.0,3,888,2,1,0,0
263,2024,1,66,3,1,165.1,61.1,22.42,116,67,169.0,116.0,3,888,2,2,0,0
264,2024,2,30,3,2,165.5,56.8,20.73,113,69,172.0,82.0,2,888,3,2,0,0
265,2024,2,64,2,2,163.7,,,999,999,187.0,90.0,2,888,3,2,0,0
266,2024,2,68,3,3,162.3,66.7,25.33,133,78,159.0,110.0,3,888,3,2,0,0
267,2024,2,57,2,1,157.5,52.8,21.28,119,62,202.0,103.0,3,888,2,1,0,0
268,2024,1,41,1,3,171.9,56.0,18.96,117,55,193.0,,2,888,2,1,0,0
269,2024,1,24,1,2,172.9,54.1,18.09,107,77,191.0,,1,19,1,1,0,0
270,2024,2,83,3,9,167.6,60.1,21.39,144,82,128.0,111.0,3,888,2,2,1,1
271,2024,1,53,3,4,159.8,58.9,23.07,139,80,137.0,86.0,3,888,1,2,0,0
272,2024,2,63,3,2,158.0,,,999,999,202.0,115.0,3,888,2,2,0,0
273,2024,2,55,3,3,157.3,59.3,23.96,113,84,211.0,109.0,3,888,2,1,0,0
274,2024,1,49,4,2,179.4,74.3,23.1,109,76,,110.0,3,888,3,2,0,0
275,2024,2,38,4,2,156.7,55.4,22.56,139,82,173.0,91.0,1,999,1,2,0,0
276,2024,1,47,1,2,170.9,63.4,21.71,130,73,158.0,,3,888,2,1,0,0
277,2024,2,37,3,4,153.9,75.9,32.03,999,999,,99.0,1,17,2,2,0,0
278,2024,1,22,3,3,161.4,,,82,56,182.0,74.0,1,12,2,2,0,0
279,2024,1,58,3,3,170.7,81.8,28.05,140,82,,83.0,3,888,1,1,0,1
280,2024,2,56,3,4,160.0,70.4,27.51,155,77,174.0,101.0,3,888,2,2,0,1
281,2024,2,30,4,3,164.2,69.7,25.88,99,66,254.0,,3,888,2,1,0,0
282,2024,1,43,3,2,172.0,78.4,26.49,125,69,,93.0,3,888,3,1,0,0
283,2024,2,60,3,2,162.6,,,999,999,,90.0,3,888,2,2,0,0
284,2024,2,47,4,2,158.9,54.1,21.4,103,70,69.0,101.0,3,888,1,2,0,0
285,2024,2,45,1,3,163.7,,,999,999,182.0,88.0,3,888,1,1,0,0
286,2024,1,60,1,9,168.7,68.1,23.94,999,999,196.0,46.0,3,888,1,2,1,1
287,2024,1,63,3,3,165.1,67.0,24.58,135,90,,96.0,1,4,2,1,0,1
288,2024,1,56,4,2,175.4,,,125,62,133.0,81.0,3,888,2,2,1,1
289,2024,1,54,3,3,170.6,63.2,21.71,105,62,130.0,108.0,3,888,2,2,0,0
290,2024,2,61,1,9,153.5,56.3,23.91,132,68,221.0,97.0,3,888,2,1,0,0
291,2024,2,60,1,1,157.3,66.1,26.7,999,999,220.0,81.0,3,888,3,1,0,0
292,2024,2,19,4,3,142.2,42.4,20.97,117,71,102.0,94.0,3,888,3,1,1,1
293,2024,2,62,4,3,156.7,53.7,21.89,105,78,164.0,,3,888,2,1,0,0
294,2024,1,57,2,4,177.6,53.3,16.9,110,59,,,3,888,3,1,0,0
295,2024,2,54,2,3,151.3,56.2,24.55,111,72,191.0,56.0,3,888,2,1,0,0
296,2024,2,54,4,9,158.2,54.5,21.76,116,59,89.0,55.0,3,888,2,2,0,0
297,2024,2,54,1,1,157.3,,,116,78,134.0,114.0,3,888,2,1,0,0
298,2024,1,42,2,4,163.9,73.4,27.32,122,83,154.0,,3,888,2,2,0,0
299,2024,2,45,1,9,148.4,70.5,32.02,98,58,177.0,110.0,3,888,1,1,0,0
300,2024,2,35,3,4,158.2,64.1,25.64,125,78,179.0,111.0,2,888,1,1,0,0
301,2024,2,20,1,3,162.8,78.0,29.43,116,67,145.0,106.0,1,20,2,2,0,0
302,2024,2,61,2,2,168.7,,,124,91,179.0,109.0,1,999,1,2,0,1
303,2024,1,51,3,1,166.5,66.8,24.11,109,72,,78.0,3,888,2,1,0,0
304,2024,1,33,3,2,167.0,62.4,22.37,111,70,,99.0,9,999,3,1,0,0
305,2024,1,68,2,9,171.0,71.8,24.56,134,71,,103.0,1,9,3,1,0,0
306,2024,2,28,2,3,150.3,57.0,25.25,105,66,177.0,81.0,2,888,2,2,0,0
307,2024,2,30,4,4,160.4,,,119,71,183.0,111.0,3,888,2,2,0,0
308,2024,2,64,4,3,150.9,48.1,21.09,136,75,90.0,105.0,3,888,2,1,0,0
309,2024,2,54,3,3,154.5,44.1,18.48,123,81,92.0,91.0,3,888,1,1,0,0
310,2024,1,52,3,4,182.7,,,135,75,183.0,118.0,1,15,3,2,0,0
311,2024,1,75,3,2,176.2,75.8,24.42,132,59,168.0,97.0,1,1,3,2,1,1
312,2024,2,58,3,3,164.5,54.4,20.08,125,75,204.0,92.0,2,888,2,1,0,0
313,2024,2,76,2,2,157.4,61.8,24.94,138,73,177.0,,3,888,2,1,1,1
314,2024,1,57,1,1,174.0,56.6,18.7,128,70,133.0,112.0,3,888,2,1,0,0
315,2024,2,38,2,3,157.1,80.2,32.49,121,72,182.0,89.0,1,999,1,2,0,0
316,2024,2,41,2,2,154.6,62.3,26.05,148,90,161.0,110.0,3,888,1,1,0,1
317,2024,1,59,3,1,163.1,59.7,22.45,117,58,186.0,79.0,3,888,2,2,0,0
318,2024,2,71,2,3,166.4,,,116,68,170.0,,3,888,3,1,1,1
319,2024,2,68,3,2,157.2,57.5,23.26,139,68,,101.0,3,888,1,2,0,0
320,2024,2,29,2,4,158.6,76.1,30.27,110,59,169.0,93.0,3,888,2,1,0,0
321,2024,2,43,1,2,158.3,65.6,26.15,106,69,,82.0,3,888,3,1,0,0
322,2024,2,64,2,4,157.9,62.2,24.96,146,85,176.0,73.0,3,888,2,2,0,1
323,2024,1,69,3,4,175.9,64.0,20.69,129,76,191.0,112.0,1,15,1,1,0,0
324,2024,1,39,1,4,166.4,49.8,18.0,999,999,162.0,120.0,3,888,2,1,0,0
325,2024,2,85,4,2,163.1,53.9,20.24,137,85,118.0,129.0,3,888,2,1,0,0
326,2024,2,64,4,2,160.2,52.1,20.31,999,999,187.0,96.0,2,888,3,2,0,0
327,2024,2,38,1,4,152.9,58.3,24.93,108,71,152.0,,3,888,1,2,0,0
328,2024,2,43,1,1,155.9,52.0,21.37,117,73,154.0,63.0,1,12,2,1,0,0
329,2024,1,63,3,4,174.4,80.6,26.49,128,78,202.0,81.0,3,888,1,1,0,0
330,2024,2,49,3,4,167.3,67.5,24.11,111,45,161.0,63.0,2,888,3,2,0,0
331,2024,2,48,4,2,152.1,62.7,27.1,121,78,198.0,99.0,3,888,1,1,0,0
332,2024,2,46,1,2,166.0,62.8,22.79,94,52,139.0,79.0,3,888,2,1,0,0
333,2024,2,61,3,4,166.8,,,138,89,,,3,888,1,1,0,0
334,2024,1,56,4,4,161.1,63.2,24.33,121,82,168.0,74.0,2,888,2,2,0,0
335,2024,2,47,4,4,163.2,56.2,21.11,121,75,190.0,108.0,3,888,2,2,0,0
336,2024,2,57,4,4,161.8,63.5,24.24,108,62,191.0,94.0,3,888,3,1,0,0
337,2024,2,34,3,4,166.0,67.7,24.56,111,69,210.0,106.0,1,16,2,2,0,0
338,2024,2,40,3,3,166.8,52.1,18.75,107,68,155.0,112.0,3,888,1,1,0,0
339,2024,1,66,2,2,169.1,,,132,87,154.0,,1,22,3,1,1,1
340,2024,1,70,2,2,172.5,64.0,21.53,104,61,202.0,71.0,1,11,2,2,0,0
341,2024,1,51,3,1,175.5,62.3,20.25,91,58,197.0,64.0,1,15,2,1,0,0
342,2024,1,54,3,4,168.9,52.1,18.26,136,72,164.0,75.0,1,18,2,1,0,0
343,2024,2,59,9,2,150.6,51.2,22.56,96,66,176.0,76.0,1,29,2,2,1,1
344,2024,1,19,4,2,162.8,48.8,18.4,82,62,146.0,87.0,3,888,2,1,0,0
345,2024,1,60,3,2,171.4,,,147,96,,86.0,1,25,1,2,1,1
346,2024,1,56,1,1,167.1,67.4,24.13,116,75,172.0,76.0,3,888,1,1,0,0
347,2024,2,71,4,2,155.7,63.3,26.13,999,999,139.0,103.0,3,888,2,1,0,0
348,2024,1,36,3,4,163.7,61.8,23.08,99,60,192.0,93.0,3,888,3,2,0,0
349,2024,2,39,2,3,155.1,,,101,52,162.0,118.0,3,888,2,2,0,0
350,2024,1,55,3,2,175.2,78.6,25.6,124,79,200.0,78.0,3,888,3,1,0,0
351,2024,1,67,3,3,183.3,74.9,22.3,120,81,183.0,130.0,2,888,2,2,0,0
352,2024,2,62,3,4,159.3,53.5,21.06,113,63,133.0,82.0,3,888,1,2,0,0
353,2024,1,50,4,4,178.4,72.5,22.79,99,68,166.0,89.0,2,888,3,1,0,0
354,2024,1,58,2,4,177.0,,,127,75,228.0,,3,888,2,1,0,0
355,2024,2,19,2,3,163.6,74.0,27.66,131,76,181.0,73.0,3,888,1,1,0,0
356,2024,1,51,4,4,171.9,72.2,24.44,124,74,,115.0,3,888,2,2,0,0
357,2024,2,30,3,4,161.2,69.7,26.81,88,55,142.0,,3,888,3,1,0,0
358,2024,2,58,4,4,158.9,63.9,25.3,123,80,157.0,106.0,3,888,1,2,1,1
359,2024,2,55,2,2,157.8,67.8,27.25,148,68,179.0,89.0,3,888,2,1,0,1
360,2024,2,45,1,1,168.3,79.3,28.01,102,67,185.0,114.0,1,12,3,2,0,0
361,2024,1,34,2,2,170.9,67.2,23.0,94,61,160.0,,3,888,1,2,0,0
362,2024,2,52,4,4,151.4,59.1,25.79,121,72,219.0,81.0,3,888,2,2,0,0
363,2024,2,61,3,3,161.7,75.6,28.94,999,999,192.0,111.0,3,888,2,2,0,0
364,2024,1,89,4,3,171.3,84.3,28.75,161,76,186.0,,1,9,1,1,1,1
365,2024,2,62,2,2,151.8,52.0,22.57,110,75,169.0,106.0,3,888,1,1,0,0
366,2024,1,47,3,3,178.8,55.8,17.47,93,44,152.0,86.0,3,888,2,1,0,0
367,2024,1,45,4,1,185.9,,,117,77,230.0,88.0,1,6,3,2,0,0
368,2024,1,53,2,3,164.2,63.6,23.58,110,73,173.0,,3,888,3,2,0,0
369,2024,1,19,3,1,165.2,61.1,22.37,108,61,134.0,95.0,3,888,2,1,0,0
370,2024,1,60,4,2,171.9,,,108,65,197.0,101.0,3,888,2,1,0,0
371,2024,2,55,2,9,156.2,60.5,24.8,111,69,195.0,68.0,2,888,1,1,0,0
372,2024,2,53,2,4,166.7,63.3,22.76,128,84,183.0,,1,19,2,2,1,1
373,2024,1,60,9,9,160.3,61.3,23.86,152,90,192.0,84.0,3,888,1,1,0,1
374,2024,1,47,3,3,189.3,70.0,19.55,110,72,,112.0,3,888,1,2,0,0
375,2024,1,51,4,4,173.2,68.2,22.73,999,999,152.0,101.0,1,8,1,2,0,0
376,2024,2,67,2,1,161.2,52.2,20.08,91,72,131.0,69.0,3,888,2,2,0,0
377,2024,2,19,4,9,157.8,61.0,24.48,115,58,124.0,66.0,2,888,1,1,0,0
378,2024,2,57,4,3,160.5,53.8,20.9,118,74,192.0,92.0,3,888,2,2,0,0
379,2024,2,44,2,1,156.5,,,113,78,134.0,117.0,9,999,2,1,0,0
380,2024,2,35,3,3,159.1,61.2,24.17,117,69,159.0,108.0,1,8,1,1,0,0
381,2024,2,54,3,1,154.0,64.9,27.38,999,999,176.0,79.0,2,888,1,2,0,0
382,2024,2,48,1,2,160.5,70.4,27.31,115,78,149.0,,2,888,2,2,0,0
383,2024,2,31,3,2,164.0,62.2,23.12,111,68,136.0,107.0,1,19,2,2,0,0
384,2024,1,47,3,2,170.3,,,106,68,183.0,111.0,9,999,3,1,0,0
385,2024,1,52,2,3,172.0,78.1,26.41,99,67,196.0,,1,6,1,2,0,0
386,2024,1,77,9,3,170.4,75.1,25.87,132,66,220.0,119.0,1,15,1,1,0,0
387,2024,2,68,2,2,155.2,,,110,69,203.0,97.0,3,888,3,2,0,0
388,2024,1,47,3,2,166.5,76.4,27.56,137,76,,128.0,2,888,3,1,0,0
389,2024,2,81,3,2,153.3,71.4,30.38,127,72,140.0,88.0,3,888,2,1,0,0
390,2024,2,50,4,4,159.7,42.2,16.54,136,85,149.0,72.0,3,888,1,1,0,0
391,2024,2,50,3,3,157.6,53.9,21.7,104,68,173.0,105.0,3,888,2,2,0,0
392,2024,2,61,2,9,157.2,65.0,26.31,123,67,206.0,58.0,3,888,1,1,0,0
393,2024,2,62,2,3,158.3,60.9,24.3,999,999,117.0,85.0,3,888,1,2,0,1
394,2024,2,69,2,1,160.0,63.6,24.85,111,80,171.0,104.0,3,888,2,1,0,0
395,2024,2,63,2,3,165.2,76.2,27.94,128,86,232.0,69.0,3,888,3,1,0,0
396,2024,2,19,2,1,169.9,61.2,21.19,95,64,178.0,71.0,2,888,3,1,0,0
397,2024,2,44,3,1,151.2,58.7,25.67,112,70,142.0,108.0,3,888,2,2,0,0
398,2024,2,40,3,2,154.1,66.4,27.95,104,53,,99.0,3,888,2,2,0,0
399,2024,2,57,3,2,160.4,,,142,79,167.0,97.0,1,5,2,1,0,1
400,2024,1,89,1,2,171.0,70.5,24.1,999,999,163.0,106.0,2,888,2,1,1,1
401,2024,1,63,1,3,166.4,72.7,26.28,118,71,163.0,68.0,3,888,1,1,0,0
402,2024,2,44,3,4,149.4,,,120,74,138.0,103.0,3,888,2,1,0,0
403,2024,2,58,3,3,163.0,67.3,25.31,123,71,100.0,94.0,3,888,1,1,0,0
404,2024,2,73,2,2,150.4,68.2,30.15,999,999,,92.0,3,888,1,2,1,1
405,2024,1,50,4,4,160.9,57.0,22.01,100,55,172.0,102.0,3,888,1,1,0,0
406,2024,1,33,1,2,180.2,,,105,59,157.0,78.0,1,1,1,1,0,0
407,2024,1,56,1,2,172.1,,,122,78,134.0,83.0,3,888,1,1,0,0
408,2024,1,34,3,4,166.0,,,108,60,213.0,124.0,3,888,3,2,0,0
409,2024,2,47,3,4,158.6,45.8,18.23,121,67,,100.0,2,888,1,1,0,0
410,2024,1,60,3,2,168.2,51.9,18.36,95,56,142.0,111.0,3,888,3,1,1,1
411,2024,2,53,4,4,162.5,63.0,23.86,112,67,164.0,73.0,3,888,1,1,0,0
412,2024,1,19,2,1,177.3,,,92,71,166.0,79.0,1,999,2,1,0,0
413,2024,2,67,1,4,149.6,65.7,29.36,124,66,167.0,106.0,2,888,2,1,0,0
414,2024,2,33,1,1,158.8,70.6,28.01,126,84,199.0,89.0,3,888,2,1,0,0
415,2024,2,31,4,3,158.6,46.2,18.35,123,73,129.0,62.0,2,888,2,1,0,0
416,2024,1,63,9,1,169.8,54.7,18.97,132,72,153.0,65.0,2,888,1,1,0,0
417,2024,1,46,3,1,179.7,73.6,22.8,124,75,174.0,89.0,2,888,3,2,0,0
418,2024,1,81,4,4,176.4,88.7,28.51,140,83,179.0,122.0,3,888,2,1,1,1
419,2024,2,64,1,1,156.1,66.2,27.17,124,57,184.0,97.0,3,888,1,1,0,0
420,2024,1,48,2,9,171.1,75.0,25.62,999,999,184.0,88.0,1,13,2,2,0,0
421,2024,2,29,1,4,152.4,53.0,22.83,94,66,132.0,79.0,3,888,1,2,0,0
422,2024,2,39,3,2,167.8,61.9,21.98,131,76,193.0,,3,888,2,1,0,0
423,2024,1,49,3,3,170.2,55.1,19.01,122,67,174.0,84.0,3,888,3,1,0,0
424,2024,2,51,3,4,151.7,54.2,23.54,111,60,,126.0,1,15,1,1,0,0
425,2024,1,54,2,1,176.5,,,123,75,217.0,,3,888,2,1,1,1
426,2024,2,71,3,1,150.3,67.9,30.06,999,999,153.0,117.0,1,13,2,2,0,0
427,2024,2,52,2,2,149.7,58.1,25.93,117,67,158.0,93.0,3,888,1,1,0,0
428,2024,2,38,3,3,149.2,38.9,17.5,107,76,154.0,121.0,3,888,1,1,0,0
429,2024,1,51,4,4,165.9,59.0,21.46,135,78,215.0,104.0,1,999,2,1,0,0
430,2024,1,54,3,3,173.8,73.4,24.31,134,77,141.0,122.0,1,18,2,1,0,0
431,2024,2,70,4,3,157.6,60.1,24.19,112,58,201.0,81.0,3,888,2,2,0,0
432,2024,2,89,1,1,149.0,62.3,28.06,147,91,167.0,81.0,3,888,1,2,1,1
433,2024,2,45,3,4,162.0,67.2,25.62,106,65,156.0,104.0,1,999,2,2,0,0
434,2024,1,57,4,4,166.8,66.6,23.94,133,82,193.0,71.0,1,10,2,2,0,0
435,2024,1,57,3,3,176.6,77.0,24.7,138,72,143.0,62.0,3,888,3,1,0,0
436,2024,2,44,3,3,155.6,56.3,23.25,108,61,168.0,112.0,3,888,1,1,0,0
437,2024,1,57,4,4,177.7,74.6,23.63,129,73,176.0,94.0,1,18,3,2,0,0
438,2024,1,50,4,4,165.9,,,98,59,197.0,130.0,2,888,1,2,0,0
439,2024,1,86,3,2,167.2,72.1,25.79,169,98,200.0,106.0,3,888,2,2,1,1
440,2024,1,64,2,3,178.3,,,116,76,164.0,61.0,3,888,1,2,0,0
441,2024,2,46,4,4,153.0,77.4,33.06,105,63,200.0,120.0,3,888,2,1,0,0
442,2024,2,72,4,3,165.2,66.7,24.42,144,77,206.0,,2,888,3,1,1,1
443,2024,2,31,2,3,149.8,45.6,20.32,113,67,198.0,85.0,1,999,1,2,0,0
444,2024,2,89,3,4,161.7,80.7,30.86,130,71,193.0,81.0,9,999,1,2,0,0
445,2024,1,66,2,1,178.2,71.2,22.42,127,90,200.0,121.0,3,888,3,1,0,1
446,2024,1,24,3,1,171.3,85.6,29.16,108,73,,65.0,1,9,2,1,0,0
447,2024,1,40,2,2,171.1,65.7,22.46,101,65,127.0,71.0,1,14,3,1,0,0
448,2024,1,48,3,1,172.9,,,118,80,160.0,84.0,1,6,1,1,0,0
449,2024,2,25,4,3,160.6,54.8,21.22,130,73,154.0,101.0,1,15,2,2,0,0
450,2024,2,52,2,1,156.5,45.7,18.67,126,76,106.0,96.0,3,888,2,1,0,0
451,2024,1,62,2,2,167.9,55.0,19.5,95,72,,117.0,1,1,3,1,0,0
452,2024,1,80,3,1,178.1,,,999,999,218.0,105.0,1,12,1,2,0,0
453,2024,1,47,4,3,168.7,75.3,26.45,109,71,139.0,78.0,3,888,3,2,0,0
454,2024,1,68,9,2,158.2,61.9,24.72,121,90,152.0,,1,25,1,1,0,0
455,2024,2,55,3,1,156.5,68.0,27.77,123,83,,99.0,3,888,2,2,0,0
456,2024,1,46,3,3,166.6,66.7,24.04,104,61,188.0,112.0,1,14,2,1,0,0
457,2024,2,39,3,2,161.4,66.8,25.63,108,63,142.0,93.0,1,12,2,2,0,0
458,2024,1,52,4,3,179.1,94.4,29.45,130,80,194.0,103.0,1,999,2,2,0,0
459,2024,1,21,1,3,178.3,66.2,20.81,86,60,,56.0,3,888,2,1,0,0
460,2024,1,53,1,9,159.6,,,128,75,229.0,,2,888,1,1,0,0
461,2024,2,50,3,4,160.3,65.9,25.63,126,76,189.0,88.0,1,5,2,1,1,1
462,2024,1,23,4,4,178.5,68.6,21.52,101,52,166.0,56.0,2,888,2,1,0,0
463,2024,1,61,3,4,172.5,72.4,24.34,159,70,178.0,78.0,3,888,2,1,1,1
464,2024,1,80,2,1,180.0,73.3,22.63,140,77,167.0,101.0,3,888,3,2,0,0
465,2024,2,35,2,4,160.0,57.1,22.27,106,68,166.0,87.0,3,888,3,1,0,0
466,2024,1,62,2,1,177.8,64.0,20.24,97,53,163.0,82.0,1,27,1,2,0,0
467,2024,2,69,4,4,148.9,53.8,24.28,116,73,190.0,86.0,3,888,3,1,0,0
468,2024,1,36,3,4,173.1,77.6,25.91,81,62,182.0,114.0,2,888,1,2,1,1
469,2024,2,70,3,4,153.6,82.7,35.06,136,80,204.0,87.0,3,888,2,2,0,0
470,2024,1,54,4,4,159.7,56.6,22.18,143,83,94.0,123.0,1,17,3,1,0,1
471,2024,2,65,3,2,157.7,63.6,25.58,144,89,170.0,98.0,3,888,1,1,1,1
472,2024,1,51,4,3,168.8,60.9,21.38,111,71,162.0,98.0,3,888,2,1,0,0
473,2024,2,70,1,1,163.4,,,999,999,212.0,111.0,2,888,3,1,0,0
474,2024,1,68,3,2,173.6,,,999,999,232.0,89.0,3,888,1,1,0,0
475,2024,1,86,4,4,166.4,58.4,21.09,132,77,157.0,94.0,1,1,2,1,0,0
476,2024,2,49,2,1,170.5,77.3,26.6,104,68,194.0,,2,888,3,1,0,0
477,2024,1,41,4,4,177.2,,,131,83,186.0,90.0,1,17,3,1,0,0
478,2024,2,40,2,4,157.0,56.4,22.9,999,999,170.0,62.0,3,888,2,1,0,0
479,2024,2,49,1,9,156.8,43.7,17.79,999,999,180.0,89.0,3,888,2,1,0,0
480,2024,2,66,3,1,163.6,,,112,71,,108.0,3,888,3,1,0,0
481,2024,2,68,4,2,158.4,68.6,27.32,132,81,177.0,118.0,3,888,2,1,0,0
482,2024,2,35,1,3,158.5,65.3,26.01,115,71,,100.0,2,888,2,1,0,0
483,2024,2,65,3,3,155.2,67.6,28.08,102,58,174.0,104.0,2,888,2,1,0,0
484,2024,2,49,4,3,160.3,65.8,25.61,110,59,177.0,90.0,3,888,3,1,0,0
485,2024,1,28,3,4,163.9,70.7,26.31,96,55,189.0,77.0,1,24,3,1,0,0
486,2024,2,49,2,1,160.0,56.1,21.93,116,76,,95.0,1,21,1,1,0,0
487,2024,1,50,2,4,167.6,,,104,67,172.0,82.0,3,888,1,1,0,0
488,2024,2,54,4,4,157.5,72.3,29.15,148,81,152.0,94.0,3,888,2,2,0,1
489,2024,1,33,3,4,175.0,,,117,68,192.0,92.0,1,17,1,1,0,0
490,2024,1,42,3,2,175.2,79.3,25.82,117,67,172.0,69.0,3,888,1,2,0,0
491,2024,2,30,4,2,160.4,,,126,62,,70.0,3,888,2,1,0,0
492,2024,1,33,3,4,180.5,81.6,25.03,105,72,166.0,74.0,1,14,3,1,0,0
493,2024,2,68,1,9,153.2,52.8,22.51,99,72,189.0,80.0,2,888,2,2,1,1
494,2024,1,62,4,4,173.1,76.4,25.5,126,70,177.0,92.0,3,888,3,1,0,0
495,2024,2,53,2,2,155.1,66.8,27.8,129,76,170.0,94.0,2,888,2,2,0,0
496,2024,2,36,3,4,156.3,53.2,21.76,103,73,150.0,106.0,3,888,2,2,0,0
497,2024,2,41,3,3,156.8,47.2,19.2,113,73,194.0,82.0,1,11,2,1,0,0
498,2024,1,74,1,3,171.8,75.6,25.62,160,96,103.0,,3,888,3,1,1,1
499,2024,2,48,3,1,154.6,61.8,25.86,120,68,141.0,94.0,3,888,1,1,0,0
500,2024,1,49,2,2,160.4,58.3,22.64,103,65,150.0,104.0,1,16,2,1,0,0
501,2024,1,56,4,3,173.4,66.5,22.14,999,999,184.0,74.0,3,888,1,1,0,0
502,2024,2,58,2,3,159.9,57.3,22.41,144,75,139.0,96.0,2,888,3,1,0,1
503,2024,1,65,4,3,171.3,,,131,79,163.0,128.0,3,888,1,1,0,0
504,2024,1,30,4,2,183.0,62.0,18.51,95,71,210.0,99.0,1,6,1,2,0,0
505,2024,2,47,2,3,158.5,85.8,34.15,113,61,173.0,72.0,3,888,3,2,0,0
506,2024,2,61,3,3,146.8,41.4,19.19,999,999,173.0,96.0,3,888,3,2,0,0
507,2024,1,43,3,4,172.6,,,109,70,165.0,109.0,3,888,3,2,0,0
508,2024,1,46,1,2,166.3,62.5,22.62,103,75,174.0,104.0,2,888,1,1,0,0
509,2024,1,44,3,2,175.1,,,139,79,199.0,82.0,2,888,2,1,0,0
510,2024,2,59,4,4,151.5,52.8,23.01,115,67,172.0,106.0,3,888,2,2,0,0
511,2024,1,49,3,2,169.6,70.1,24.39,104,62,128.0,83.0,2,888,2,1,0,0
512,2024,1,43,4,1,168.0,63.0,22.3,106,70,182.0,75.0,3,888,2,1,0,0
513,2024,2,53,3,3,162.1,54.3,20.69,141,78,154.0,101.0,3,888,3,1,0,1
514,2024,1,36,4,4,169.7,65.5,22.74,96,67,165.0,100.0,3,888,3,1,0,0
515,2024,1,36,3,9,167.2,70.3,25.14,74,49,162.0,89.0,3,888,1,2,0,0
516,2024,1,57,2,4,165.8,73.8,26.85,132,74,189.0,98.0,2,888,2,1,0,0
517,2024,1,59,1,1,163.5,62.4,23.33,142,98,157.0,,3,888,2,1,0,1
518,2024,1,56,3,1,178.8,71.9,22.49,999,999,159.0,,1,9,1,1,0,0
519,2024,1,34,2,2,170.4,66.2,22.79,120,60,114.0,96.0,3,888,3,2,0,0
520,2024,2,44,3,1,155.8,,,122,59,154.0,,3,888,3,1,0,0
521,2024,2,53,1,9,158.2,58.3,23.29,118,65,152.0,91.0,3,888,2,1,0,0
522,2024,2,51,1,2,162.6,66.4,25.11,999,999,170.0,109.0,3,888,3,2,0,0
523,2024,2,40,2,3,155.5,57.5,23.8,100,58,170.0,96.0,1,22,1,1,0,0
524,2024,2,46,4,2,159.2,52.1,20.57,158,85,162.0,73.0,1,18,2,1,1,1
525,2024,1,41,1,2,167.3,67.9,24.28,999,999,173.0,89.0,1,15,2,1,0,0
526,2024,2,50,3,2,158.9,,,145,88,159.0,76.0,1,14,1,1,0,1
527,2024,1,48,2,3,160.9,64.6,24.93,129,75,112.0,103.0,3,888,3,1,0,0
528,2024,2,32,1,3,155.7,50.1,20.65,121,65,101.0,110.0,3,888,2,1,0,0
529,2024,2,42,3,3,169.1,71.9,25.14,89,59,169.0,85.0,3,888,3,2,0,0
530,2024,2,42,3,2,158.8,81.9,32.46,127,68,168.0,127.0,3,888,2,2,0,0
531,2024,1,62,4,3,162.7,67.9,25.64,112,75,199.0,111.0,1,14,2,2,0,0
532,2024,1,44,4,3,167.9,61.8,21.93,106,69,171.0,99.0,1,14,2,2,0,0
533,2024,2,57,3,1,167.6,65.7,23.4,124,65,99.0,132.0,3,888,2,1,0,0
534,2024,2,43,4,3,165.1,,,109,56,174.0,101.0,3,888,3,2,0,0
535,2024,2,19,4,4,150.0,46.9,20.85,91,59,,69.0,1,21,2,1,0,0
536,2024,2,72,3,1,157.2,81.6,33.0,142,83,191.0,120.0,3,888,3,2,0,1
537,2024,2,28,1,9,153.6,59.7,25.29,112,68,195.0,86.0,3,888,2,2,0,0
538,2024,1,71,3,3,169.4,,,132,79,158.0,92.0,2,888,2,1,0,0
539,2024,2,58,3,3,162.6,66.4,25.12,99,57,196.0,101.0,3,888,1,2,0,0
540,2024,1,56,3,2,162.6,83.2,31.45,140,72,,105.0,3,888,1,1,0,0
541,2024,2,53,2,2,151.8,63.1,27.4,123,80,169.0,116.0,2,888,2,2,0,0
542,2024,1,82,9,9,172.7,79.7,26.7,162,88,136.0,110.0,2,888,3,1,1,1
543,2024,2,50,3,2,155.3,64.0,26.55,138,57,177.0,78.0,3,888,1,2,1,1
544,2024,1,71,4,4,176.0,,,142,64,176.0,101.0,3,888,2,1,1,1
545,2024,2,48,1,2,157.0,67.5,27.39,139,82,215.0,131.0,1,18,2,1,0,0
546,2024,2,47,2,1,146.7,53.5,24.83,134,83,182.0,73.0,2,888,1,1,0,0
547,2024,2,32,4,9,162.6,71.7,27.12,119,72,175.0,111.0,3,888,1,1,0,0
548,2024,1,80,4,9,179.2,,,999,999,197.0,99.0,3,888,3,2,0,1
549,2024,1,58,1,2,169.2,,,108,70,195.0,97.0,2,888,3,1,0,0
550,2024,1,55,1,3,163.1,63.6,23.91,108,61,222.0,108.0,1,15,2,2,0,0
551,2024,2,30,2,4,148.6,54.8,24.84,86,56,143.0,93.0,1,21,2,2,0,0
552,2024,1,54,3,3,172.1,,,122,68,171.0,79.0,3,888,1,1,0,0
553,2024,1,65,4,1,169.5,70.8,24.67,95,56,141.0,99.0,3,888,2,1,0,0
554,2024,1,31,3,4,171.5,54.9,18.66,99,68,136.0,81.0,1,21,2,1,0,0
555,2024,1,67,4,2,168.0,58.3,20.67,113,63,201.0,98.0,3,888,1,1,0,0
556,2024,1,50,1,2,168.8,70.8,24.82,100,73,,72.0,1,17,3,1,0,0
557,2024,1,35,4,4,167.6,60.5,21.51,101,63,174.0,106.0,2,888,2,1,0,0
558,2024,2,30,1,1,145.1,75.7,35.96,123,74,112.0,98.0,1,27,2,1,0,0
559,2024,2,37,4,3,155.8,60.1,24.76,100,68,194.0,103.0,3,888,1,2,0,0
560,2024,1,66,2,2,174.6,,,124,77,158.0,109.0,3,888,1,2,0,0
561,2024,1,80,9,9,172.5,67.4,22.68,999,999,154.0,90.0,2,888,1,1,1,1
562,2024,2,49,9,2,156.1,69.1,28.34,119,68,166.0,,3,888,3,2,1,1
563,2024,1,19,2,2,174.4,54.1,17.77,89,67,100.0,78.0,1,6,1,1,0,0
564,2024,1,60,1,9,171.8,,,123,69,209.0,70.0,3,888,3,1,0,0
565,2024,2,77,1,9,156.5,49.5,20.22,137,81,194.0,,3,888,2,2,0,0
566,2024,2,60,3,9,158.4,47.2,18.81,128,83,125.0,86.0,2,888,2,1,0,0
567,2024,2,58,3,2,156.3,56.6,23.17,137,96,201.0,84.0,2,888,1,2,0,1
568,2024,1,45,4,3,156.2,53.6,21.97,102,59,,93.0,1,19,2,2,0,0
569,2024,1,61,3,2,178.6,60.3,18.91,118,73,,106.0,2,888,1,2,0,0
570,2024,1,51,4,4,184.2,,,136,85,200.0,75.0,1,999,1,2,0,0
571,2024,1,57,4,2,176.8,72.3,23.13,117,72,155.0,67.0,3,888,2,2,0,0
572,2024,2,50,2,1,158.6,57.4,22.8,141,84,162.0,85.0,3,888,2,1,0,1
573,2024,2,74,3,4,168.1,66.3,23.46,115,58,201.0,88.0,3,888,2,1,1,1
574,2024,2,37,4,2,157.2,38.9,15.74,85,55,138.0,79.0,2,888,2,1,0,0
575,2024,2,44,4,3,160.2,48.7,18.97,124,82,,103.0,3,888,3,2,1,1
576,2024,1,59,3,3,174.7,68.2,22.35,119,75,195.0,66.0,3,888,2,1,0,0
577,2024,1,49,1,1,163.6,71.5,26.73,95,48,179.0,104.0,2,888,2,1,0,0
578,2024,1,54,2,1,170.2,,,139,60,,82.0,3,888,2,1,0,0
579,2024,1,55,2,1,173.3,66.1,22.03,117,67,185.0,83.0,2,888,2,2,0,0
580,2024,1,43,2,4,170.8,66.8,22.9,124,74,152.0,82.0,3,888,2,1,1,1
581,2024,1,53,3,3,176.4,48.7,15.67,98,82,145.0,85.0,1,22,2,2,0,0
582,2024,2,55,3,2,155.9,,,121,74,118.0,103.0,3,888,3,1,0,0
583,2024,1,56,3,4,171.4,70.2,23.87,125,76,153.0,87.0,2,888,1,1,0,0
584,2024,2,25,1,1,160.8,62.0,23.99,75,62,171.0,100.0,3,888,2,1,0,0
585,2024,2,65,1,1,163.7,61.6,22.99,122,62,203.0,90.0,3,888,3,2,1,1
586,2024,2,33,3,4,163.7,,,119,60,177.0,82.0,1,14,2,2,0,0
587,2024,1,74,1,9,171.4,69.4,23.62,999,999,166.0,101.0,3,888,2,1,0,0
588,2024,2,41,1,1,159.7,55.4,21.71,120,71,,,3,888,2,2,1,1
589,2024,1,39,3,3,167.2,67.2,24.05,96,59,,98.0,1,15,3,1,0,0
590,2024,1,61,3,3,164.5,,,140,90,198.0,,1,8,2,1,0,1
591,2024,2,43,2,3,155.5,57.8,23.88,102,63,172.0,,3,888,1,1,0,0
592,2024,1,66,2,2,176.7,69.6,22.3,145,94,157.0,90.0,1,10,3,1,0,1
593,2024,2,72,3,1,153.4,67.4,28.62,999,999,,131.0,1,4,3,2,0,0
594,2024,1,40,2,4,147.8,,,118,73,143.0,103.0,1,21,1,1,0,0
595,2024,1,50,3,2,172.9,65.2,21.79,125,62,169.0,87.0,1,19,1,1,0,0
596,2024,1,37,4,2,176.0,,,122,70,,105.0,2,888,3,2,0,0
597,2024,2,57,3,1,154.2,,,121,79,175.0,96.0,3,888,2,1,0,0
598,2024,2,65,4,1,145.9,56.1,26.33,126,65,169.0,110.0,2,888,1,1,0,0
599,2024,1,59,3,4,170.8,,,129,83,176.0,119.0,1,19,3,1,0,0
600,2024,2,38,4,4,156.8,67.0,27.24,97,67,198.0,99.0,3,888,2,1,0,0
601,2024,1,24,1,2,170.8,52.1,17.86,81,40,,82.0,2,888,1,2,0,0
602,2024,2,89,3,2,166.7,,,124,68,208.0,134.0,3,888,1,2,0,0
603,2024,2,38,4,3,152.3,74.2,31.98,107,69,175.0,97.0,3,888,2,2,0,0
604,2024,2,55,2,1,152.1,54.7,23.65,101,72,218.0,90.0,3,888,3,1,0,0
605,2024,2,61,3,3,170.0,84.4,29.19,134,92,190.0,99.0,3,888,3,1,0,1
606,2024,1,57,3,2,171.0,66.6,22.76,105,54,176.0,80.0,3,888,2,2,0,0
607,2024,2,45,1,2,164.4,46.2,17.08,106,65,155.0,73.0,3,888,1,1,0,0
608,2024,2,79,4,4,153.6,60.4,25.62,138,69,166.0,127.0,3,888,2,2,1,1
609,2024,2,19,2,4,153.2,,,115,61,170.0,,3,888,1,1,1,1
610,2024,1,78,1,9,166.8,,,145,79,162.0,87.0,1,10,1,1,1,1
611,2024,1,46,2,4,167.2,55.0,19.65,135,80,178.0,91.0,1,19,2,1,0,0
612,2024,2,58,3,4,168.2,73.6,26.02,999,999,181.0,108.0,3,888,1,1,0,0
613,2024,2,51,3,3,162.4,61.5,23.32,107,65,184.0,69.0,2,888,3,2,0,0
614,2024,2,49,2,1,159.3,55.4,21.84,98,67,,73.0,3,888,3,2,0,0
615,2024,1,56,3,3,172.8,63.2,21.14,122,77,228.0,63.0,1,12,2,1,0,0
616,2024,1,36,2,2,170.7,66.1,22.7,104,72,209.0,92.0,3,888,2,1,0,0
617,2024,2,72,4,3,156.7,75.5,30.74,139,81,168.0,90.0,3,888,2,1,1,1
618,2024,2,34,3,2,160.4,75.1,29.2,120,77,154.0,97.0,3,888,1,2,0,0
619,2024,2,62,4,4,169.0,79.1,27.69,124,64,173.0,102.0,3,888,1,1,0,0
620,2024,1,53,3,1,167.3,66.5,23.77,103,69,158.0,104.0,3,888,3,2,0,0
621,2024,1,71,3,2,161.4,66.8,25.64,127,72,197.0,127.0,3,888,3,1,0,0
622,2024,2,27,2,4,151.3,47.8,20.87,134,84,196.0,122.0,2,888,1,1,0,0
623,2024,2,54,4,3,157.3,71.5,28.88,142,84,168.0,106.0,2,888,1,1,0,1
624,2024,2,38,2,2,153.0,42.3,18.06,96,72,,106.0,3,888,2,1,0,0
625,2024,2,56,3,1,149.2,78.0,35.05,118,75,140.0,86.0,2,888,1,1,0,0
626,2024,1,80,4,4,169.5,82.6,28.73,999,999,166.0,100.0,3,888,2,1,1,1
627,2024,1,60,4,3,164.5,53.9,19.92,999,999,163.0,83.0,3,888,3,2,0,0
628,2024,1,45,2,2,167.4,78.5,28.0,116,64,,98.0,3,888,1,1,0,0
629,2024,2,38,3,3,166.5,62.9,22.68,119,70,169.0,97.0,3,888,3,2,0,0
630,2024,1,53,1,3,179.2,57.5,17.91,108,74,138.0,109.0,1,8,3,2,0,0
631,2024,1,39,2,4,181.2,70.4,21.42,129,76,173.0,79.0,3,888,1,1,0,0
632,2024,1,50,3,4,173.4,,,999,999,150.0,89.0,3,888,2,1,0,0
633,2024,1,59,3,2,164.3,80.3,29.74,999,999,177.0,111.0,2,888,2,1,1,1
634,2024,2,65,2,9,140.5,52.3,26.49,139,86,255.0,105.0,3,888,2,1,0,0
635,2024,1,30,3,3,168.7,60.2,21.15,117,68,158.0,89.0,1,12,3,1,0,0
636,2024,2,19,1,2,163.3,62.9,23.58,118,79,130.0,,1,16,3,1,0,0
637,2024,2,62,2,3,157.2,46.9,18.99,118,77,146.0,109.0,3,888,3,1,0,0
638,2024,1,47,3,4,169.2,57.4,20.07,102,64,128.0,72.0,1,19,2,1,0,0
639,2024,2,19,2,3,160.6,68.5,26.56,98,59,144.0,87.0,3,888,3,1,0,0
640,2024,1,49,4,1,163.4,63.8,23.88,141,86,208.0,93.0,3,888,2,1,0,1
641,2024,2,43,2,4,163.7,42.3,15.8,114,73,183.0,,1,8,1,2,0,0
642,2024,1,35,4,4,167.7,38.1,13.53,109,78,223.0,60.0,3,888,2,1,0,0
643,2024,2,39,3,4,155.8,,,120,81,143.0,84.0,3,888,1,2,0,0
644,2024,1,19,2,3,167.6,76.9,27.35,114,59,,90.0,3,888,3,1,0,0
645,2024,1,40,2,3,165.6,60.9,22.21,99,64,171.0,93.0,1,17,1,1,0,0
646,2024,1,66,2,2,169.6,70.5,24.51,132,79,143.0,113.0,3,888,1,1,0,0
647,2024,1,41,4,4,173.9,67.8,22.43,107,52,164.0,102.0,2,888,1,2,0,0
648,2024,1,35,3,2,174.1,72.3,23.86,107,69,162.0,86.0,3,888,3,2,0,0
649,2024,2,57,3,2,155.6,59.3,24.49,105,74,235.0,102.0,3,888,1,1,0,0
650,2024,2,57,4,4,159.7,63.5,24.88,127,73,,116.0,1,10,2,2,0,0
651,2024,2,66,1,9,169.8,69.6,24.13,128,89,,94.0,1,17,2,2,0,0
652,2024,2,68,3,1,156.5,63.5,25.95,999,999,,98.0,3,888,3,2,0,0
653,2024,2,48,1,1,164.0,59.7,22.2,101,65,192.0,84.0,3,888,1,1,0,0
654,2024,1,49,1,2,168.6,75.3,26.47,132,79,165.0,78.0,3,888,1,1,0,0
655,2024,1,50,1,3,164.1,61.0,22.63,999,999,186.0,,3,888,2,1,0,0
656,2024,2,53,2,9,153.1,64.6,27.58,129,76,166.0,82.0,3,888,3,1,0,0
657,2024,2,66,4,3,162.0,55.4,21.11,118,81,205.0,97.0,3,888,2,1,0,0
658,2024,2,28,2,1,154.5,36.3,15.22,92,55,193.0,78.0,3,888,3,2,0,0
659,2024,1,51,2,4,178.4,,,120,68,158.0,85.0,1,21,2,2,0,0
660,2024,2,25,9,4,147.9,74.7,34.14,108,63,193.0,91.0,3,888,1,2,0,0
661,2024,1,58,3,2,172.9,82.1,27.47,141,82,168.0,113.0,1,999,2,1,0,1
662,2024,2,58,1,9,164.2,61.2,22.68,121,76,169.0,75.0,2,888,1,1,0,0
663,2024,1,44,2,4,160.2,72.6,28.29,105,70,,104.0,2,888,2,1,0,0
664,2024,1,38,2,1,165.7,50.1,18.24,71,68,215.0,86.0,3,888,1,2,0,0
665,2024,1,37,1,1,157.2,48.0,19.4,128,78,,,3,888,1,1,0,0
666,2024,1,44,3,4,160.8,57.8,22.34,122,72,,115.0,3,888,3,2,1,1
667,2024,1,43,1,2,168.9,67.2,23.55,131,64,167.0,,2,888,1,1,0,0
668,2024,1,39,2,4,168.1,62.0,21.93,128,87,132.0,82.0,9,999,1,1,0,0
669,2024,2,80,2,2,154.4,76.7,32.18,149,93,218.0,99.0,3,888,1,1,1,1
670,2024,1,54,3,4,159.8,47.3,18.54,119,69,146.0,,1,1,3,1,0,0
671,2024,2,45,2,4,156.7,49.6,20.23,120,70,,90.0,3,888,2,2,0,0
672,2024,2,76,1,3,166.1,79.7,28.9,135,80,201.0,101.0,3,888,3,1,0,0
673,2024,1,46,1,1,173.7,64.7,21.43,122,67,188.0,114.0,3,888,2,2,0,0
674,2024,2,40,2,9,156.3,62.9,25.77,105,57,,101.0,3,888,3,1,0,0
675,2024,1,19,2,1,171.0,61.7,21.11,100,42,192.0,106.0,3,888,1,2,0,0
676,2024,2,49,2,4,155.6,51.1,21.08,125,82,151.0,107.0,3,888,1,1,0,0
677,2024,1,49,3,4,161.7,67.0,25.61,999,999,209.0,71.0,3,888,3,2,0,0
678,2024,1,47,4,2,174.1,,,129,80,152.0,113.0,3,888,2,1,0,0
679,2024,1,89,2,1,156.7,,,125,75,214.0,92.0,3,888,2,1,1,1
680,2024,2,60,2,2,164.0,47.6,17.72,88,59,211.0,101.0,3,888,2,1,0,0
681,2024,1,68,3,4,178.4,,,130,73,230.0,106.0,2,888,2,2,0,0
682,2024,2,54,3,3,157.4,58.4,23.56,999,999,176.0,103.0,3,888,2,1,1,1
683,2024,1,49,1,4,178.8,69.2,21.62,112,68,187.0,,3,888,3,1,0,0
684,2024,2,50,2,3,164.1,62.3,23.13,124,80,144.0,114.0,2,888,3,1,0,0
685,2024,2,20,3,4,160.9,66.9,25.86,121,74,155.0,86.0,3,888,1,1,0,0
686,2024,2,73,2,1,163.2,63.1,23.69,139,78,163.0,94.0,3,888,2,1,1,1
687,2024,2,50,2,2,159.0,,,999,999,186.0,102.0,3,888,2,1,0,0
688,2024,2,39,9,3,157.2,37.8,15.3,113,68,116.0,89.0,3,888,2,2,0,0
689,2024,2,49,2,1,164.8,57.9,21.3,122,64,146.0,83.0,3,888,2,2,0,0
690,2024,2,27,3,3,151.3,54.6,23.83,90,55,,,3,888,2,2,0,0
691,2024,1,57,4,2,167.2,62.6,22.41,98,67,,97.0,2,888,2,2,0,0
692,2024,2,67,4,1,162.3,65.9,25.01,122,74,136.0,88.0,2,888,3,2,0,0
693,2024,1,26,3,4,177.1,,,94,67,137.0,,3,888,3,1,0,0
694,2024,2,54,2,2,159.7,,,121,64,142.0,99.0,3,888,2,1,0,0
695,2024,2,31,3,4,161.8,55.3,21.13,105,83,157.0,79.0,3,888,3,1,0,0
696,2024,2,47,3,9,145.1,62.0,29.41,128,79,210.0,84.0,3,888,1,2,0,0
697,2024,1,58,2,2,172.7,71.7,24.04,115,71,177.0,121.0,1,9,3,1,1,1
698,2024,2,44,2,9,165.5,51.1,18.65,93,63,123.0,67.0,3,888,2,2,0,0
699,2024,1,35,2,2,176.2,66.1,21.3,81,52,195.0,77.0,1,17,2,1,0,0
700,2024,1,32,2,2,164.5,55.2,20.42,112,53,,90.0,3,888,2,2,0,0
701,2024,2,55,2,9,156.3,69.2,28.32,123,69,167.0,98.0,1,18,2,2,0,0
702,2024,1,61,2,3,170.5,51.4,17.66,129,76,156.0,58.0,1,12,2,1,0,0
703,2024,1,36,3,3,161.2,51.0,19.62,99,70,183.0,90.0,3,888,3,1,0,0
704,2024,1,51,2,9,174.9,72.4,23.69,130,80,118.0,70.0,3,888,3,1,0,0
705,2024,1,42,1,2,176.7,59.8,19.14,119,63,141.0,,2,888,2,1,0,0
706,2024,2,28,1,1,162.0,38.5,14.66,111,63,99.0,59.0,3,888,2,1,0,0
707,2024,2,62,2,1,156.2,65.4,26.81,999,999,172.0,71.0,3,888,3,2,0,0
708,2024,1,42,1,1,175.7,67.6,21.9,87,69,147.0,79.0,3,888,1,1,0,0
709,2024,1,35,3,1,172.4,62.3,20.97,91,66,175.0,83.0,1,12,1,1,0,0
710,2024,2,26,4,2,154.1,51.5,21.71,109,69,,68.0,3,888,3,1,0,0
711,2024,2,68,2,4,168.2,67.6,23.88,109,65,160.0,108.0,1,16,2,2,1,1
712,2024,1,32,4,4,174.4,55.9,18.37,109,65,,81.0,3,888,1,1,0,0
713,2024,2,84,1,1,155.2,,,145,90,216.0,84.0,1,18,1,2,0,1
714,2024,2,76,3,2,158.5,70.0,27.86,145,72,192.0,95.0,3,888,3,1,0,1
715,2024,2,64,1,3,160.8,58.7,22.68,132,71,185.0,127.0,3,888,3,1,0,0
716,2024,1,25,3,4,177.2,75.7,24.11,102,55,193.0,87.0,3,888,3,1,0,0
717,2024,2,42,2,2,156.1,58.6,24.04,92,55,197.0,100.0,9,999,1,2,0,0
718,2024,1,60,2,3,168.7,64.7,22.73,139,76,,89.0,3,888,2,2,0,0
719,2024,2,59,3,4,166.9,39.3,14.1,113,72,159.0,101.0,3,888,3,2,0,0
720,2024,1,33,4,3,172.0,69.6,23.52,96,55,143.0,91.0,1,13,2,2,0,0
721,2024,1,63,3,4,168.5,73.9,26.04,125,68,173.0,91.0,2,888,2,1,0,0
722,2024,2,74,9,4,162.2,63.7,24.23,138,81,154.0,115.0,3,888,3,2,1,1
723,2024,2,58,3,4,159.6,65.3,25.63,86,55,107.0,74.0,3,888,1,1,0,0
724,2024,2,60,4,3,167.1,65.6,23.48,149,89,157.0,106.0,3,888,1,1,0,1
725,2024,1,24,2,2,169.9,,,78,51,134.0,112.0,1,16,2,1,0,0
726,2024,1,84,2,3,176.3,68.7,22.11,131,74,188.0,117.0,3,888,3,1,0,0
727,2024,2,47,3,4,149.9,50.0,22.26,999,999,150.0,85.0,2,888,3,1,0,0
728,2024,1,62,1,3,167.0,70.2,25.16,999,999,,101.0,1,18,1,1,0,1
729,2024,1,62,2,4,175.9,64.7,20.92,143,79,,80.0,3,888,2,1,0,1
730,2024,2,65,3,2,160.1,51.9,20.23,121,75,159.0,89.0,1,10,2,1,0,0
731,2024,1,51,1,1,176.7,55.8,17.87,109,70,142.0,78.0,3,888,1,2,0,0
732,2024,1,48,4,4,164.3,58.0,21.48,91,49,182.0,102.0,3,888,1,2,0,0
733,2024,2,36,2,3,163.5,79.3,29.67,95,70,162.0,93.0,1,4,2,1,0,0
734,2024,2,43,1,9,158.7,65.1,25.83,115,66,99.0,59.0,2,888,1,2,0,0
735,2024,1,47,4,9,156.4,37.8,15.46,105,71,128.0,58.0,3,888,2,2,0,0
736,2024,1,41,2,4,173.6,67.5,22.4,117,73,178.0,99.0,3,888,1,2,0,0
737,2024,2,48,3,1,159.9,68.3,26.72,128,73,155.0,124.0,1,19,3,2,0,0
738,2024,1,44,9,3,175.8,76.0,24.61,99,74,195.0,85.0,3,888,2,2,0,0
739,2024,1,47,9,1,173.2,,,109,76,199.0,,3,888,1,1,0,0
740,2024,2,50,1,1,165.3,,,117,82,,,3,888,3,1,0,0
741,2024,2,39,2,2,162.9,59.5,22.41,115,63,144.0,80.0,3,888,2,1,1,1
742,2024,1,57,1,3,171.2,,,106,66,188.0,109.0,3,888,2,2,0,0
743,2024,2,43,4,3,147.8,55.9,25.59,116,84,112.0,82.0,3,888,3,1,0,0
744,2024,1,26,3,2,179.5,68.3,21.19,66,51,199.0,92.0,3,888,2,1,0,0
745,2024,1,65,2,1,179.0,69.1,21.56,136,80,173.0,66.0,3,888,2,1,0,0
746,2024,1,26,3,3,165.5,,,104,63,202.0,115.0,3,888,3,2,0,0
747,2024,2,34,1,1,156.1,68.5,28.13,125,92,192.0,91.0,3,888,1,1,0,1
748,2024,1,54,2,1,179.8,,,104,75,181.0,111.0,3,888,1,2,0,0
749,2024,2,32,2,9,150.0,62.8,27.9,116,75,,94.0,3,888,2,2,0,0
750,2024,1,26,4,4,165.6,61.9,22.58,104,78,197.0,82.0,1,13,2,2,0,0
751,2024,2,76,4,2,159.2,70.2,27.68,999,999,127.0,107.0,3,888,3,2,0,0
752,2024,1,53,3,2,161.1,72.1,27.78,99,60,201.0,105.0,3,888,3,2,0,0
753,2024,1,57,1,3,176.2,69.6,22.42,150,84,175.0,92.0,1,7,2,1,0,1
754,2024,2,44,2,3,161.1,67.6,26.03,96,53,150.0,86.0,3,888,3,2,0,0
755,2024,1,74,3,2,173.7,78.3,25.96,999,999,199.0,104.0,3,888,1,2,0,0
756,2024,2,36,3,4,151.7,66.4,28.86,122,59,,89.0,3,888,3,2,0,0
757,2024,2,49,1,4,153.7,65.9,27.91,114,70,207.0,88.0,2,888,2,1,0,0
758,2024,1,57,3,1,164.5,77.8,28.73,118,73,226.0,119.0,1,11,1,1,0,0
759,2024,1,58,3,1,182.6,79.8,23.91,122,70,,84.0,3,888,3,2,0,0
760,2024,1,42,2,3,168.9,64.9,22.74,73,62,128.0,70.0,3,888,2,1,0,0
761,2024,2,45,1,1,168.1,74.0,26.17,126,73,92.0,86.0,2,888,1,1,0,0
762,2024,2,60,3,1,160.6,,,149,90,197.0,90.0,2,888,3,1,0,1
763,2024,1,73,3,4,185.0,70.0,20.44,126,78,152.0,73.0,1,9,2,1,0,0
764,2024,2,63,1,3,159.6,63.6,24.97,999,999,183.0,109.0,3,888,3,1,0,0
765,2024,2,69,1,1,158.9,82.3,32.62,123,61,202.0,,3,888,2,1,1,1
766,2024,1,54,2,1,157.2,59.1,23.94,123,60,184.0,,3,888,3,1,0,0
767,2024,2,71,4,2,153.0,74.5,31.83,126,61,199.0,99.0,3,888,2,2,0,0
768,2024,2,66,1,1,154.8,64.3,26.83,999,999,145.0,100.0,3,888,1,1,0,0
769,2024,1,67,1,3,168.9,,,139,82,159.0,111.0,1,26,1,1,0,0
770,2024,1,55,1,1,168.4,68.6,24.17,116,81,186.0,83.0,1,5,2,1,0,0
771,2024,2,77,2,3,160.4,76.0,29.53,128,76,183.0,97.0,3,888,1,2,0,0
772,2024,2,58,2,4,162.8,73.3,27.64,120,72,228.0,,2,888,2,1,0,0
773,2024,1,32,2,9,172.3,51.5,17.34,999,999,,89.0,3,888,2,2,0,0
774,2024,2,78,1,9,168.3,,,134,85,,,3,888,1,2,1,1
775,2024,1,55,3,4,182.0,66.2,19.97,999,999,192.0,80.0,1,15,3,2,0,0
776,2024,1,36,2,3,169.9,64.3,22.29,129,67,173.0,93.0,2,888,2,1,0,0
777,2024,2,49,3,2,161.3,67.3,25.84,115,82,,116.0,3,888,2,2,0,0
778,2024,2,59,1,1,161.7,58.4,22.31,123,70,213.0,68.0,3,888,2,2,0,0
779,2024,1,59,1,1,171.7,57.5,19.5,115,60,,93.0,1,12,2,1,0,0
780,2024,1,72,2,1,174.9,77.7,25.4,123,77,201.0,100.0,1,1,2,2,0,0
781,2024,1,48,3,3,169.6,76.0,26.42,123,76,157.0,98.0,3,888,1,1,0,0
782,2024,2,53,2,2,155.5,65.1,26.93,147,95,,90.0,3,888,3,2,1,1
783,2024,2,28,2,3,154.0,46.2,19.47,88,60,153.0,96.0,3,888,2,1,0,0
784,2024,1,36,3,4,177.6,62.3,19.76,99,59,127.0,87.0,1,16,2,1,0,0
785,2024,1,19,4,3,178.0,,,98,65,172.0,82.0,2,888,2,1,0,0
786,2024,2,61,2,2,157.6,49.2,19.8,109,52,139.0,87.0,2,888,3,2,0,0
787,2024,2,60,4,4,158.2,62.1,24.82,131,70,223.0,107.0,3,888,2,1,0,0
788,2024,2,31,3,4,154.3,,,134,64,,90.0,3,888,1,1,0,0
789,2024,2,59,3,3,155.8,66.7,27.47,120,72,160.0,62.0,2,888,1,1,0,0
790,2024,2,50,3,3,161.6,73.7,28.23,95,64,196.0,112.0,2,888,3,2,0,0
791,2024,2,41,3,2,159.6,65.6,25.76,99,62,123.0,102.0,1,18,2,2,0,0
792,2024,1,40,3,3,172.1,,,120,72,193.0,95.0,3,888,3,1,0,0
793,2024,1,49,2,2,167.1,66.2,23.71,999,999,166.0,83.0,2,888,1,1,0,0
794,2024,2,69,2,4,157.8,59.8,24.01,135,89,186.0,96.0,2,888,3,1,0,0
795,2024,1,49,3,9,165.5,60.6,22.15,98,65,92.0,99.0,3,888,1,2,0,0
796,2024,2,47,4,2,169.8,54.3,18.81,99,55,104.0,111.0,3,888,1,1,0,0
797,2024,2,58,1,1,165.9,76.3,27.71,136,70,161.0,108.0,3,888,2,1,0,0
798,2024,2,33,2,2,161.6,74.1,28.36,131,78,,107.0,2,888,2,2,0,0
799,2024,1,42,2,2,185.9,74.4,21.53,92,69,,89.0,3,888,3,1,0,0
800,2024,2,76,3,4,156.9,70.4,28.59,999,999,184.0,89.0,3,888,2,1,0,1
801,2024,1,56,4,3,179.2,76.1,23.7,134,72,163.0,77.0,3,888,2,1,1,1
802,2024,1,48,1,3,175.4,65.9,21.4,133,79,151.0,99.0,1,16,2,2,0,0
803,2024,1,57,1,1,178.8,,,118,68,176.0,47.0,1,999,2,2,0,0
804,2024,1,73,3,2,173.8,,,115,71,248.0,127.0,1,21,2,1,0,0
805,2024,1,79,3,4,169.9,63.5,22.02,111,65,,102.0,3,888,1,1,1,1
806,2024,2,44,3,2,153.8,59.3,25.09,136,73,217.0,113.0,1,13,1,1,0,0
807,2024,2,79,1,1,159.1,68.5,27.07,133,79,122.0,122.0,2,888,3,2,1,1
808,2024,1,58,3,2,167.1,,,999,999,,127.0,3,888,3,1,0,0
809,2024,2,49,4,4,157.4,,,95,64,99.0,106.0,3,888,2,1,0,0
810,2024,1,51,2,2,174.7,75.7,24.79,121,77,187.0,88.0,3,888,2,1,0,0
811,2024,2,24,3,2,152.7,54.3,23.29,105,57,153.0,83.0,2,888,2,2,0,0
812,2024,1,39,1,4,173.8,63.0,20.86,118,76,144.0,,1,17,3,1,0,0
813,2024,2,48,1,2,162.9,66.1,24.91,152,74,125.0,102.0,1,18,2,2,1,1
814,2024,1,49,2,4,180.1,56.3,17.37,118,67,168.0,89.0,1,19,2,1,0,0
815,2024,2,30,3,3,151.2,,,128,70,150.0,86.0,3,888,3,1,0,0
816,2024,1,40,2,3,184.1,77.3,22.81,103,60,182.0,83.0,3,888,3,2,0,0
817,2024,1,39,2,1,166.8,66.9,24.05,92,68,162.0,65.0,1,19,2,1,0,0
818,2024,2,57,2,1,169.5,71.2,24.78,115,79,182.0,,3,888,2,1,0,0
819,2024,1,37,4,3,172.9,66.3,22.17,90,64,199.0,42.0,3,888,2,1,0,0
820,2024,2,65,4,4,159.4,60.7,23.9,151,84,,64.0,2,888,3,1,0,1
821,2024,1,50,2,1,178.0,67.7,21.35,86,63,135.0,111.0,3,888,3,1,0,0
822,2024,1,38,3,1,176.0,82.1,26.49,89,62,176.0,90.0,3,888,3,2,0,0
823,2024,2,64,3,4,152.5,68.4,29.42,999,999,211.0,55.0,3,888,1,1,1,1
824,2024,2,69,4,1,162.9,60.3,22.7,119,83,147.0,95.0,2,888,1,2,0,0
825,2024,9,56,2,4,166.5,81.6,29.44,99,61,179.0,93.0,2,888,2,2,0,0
826,2024,1,55,2,4,173.8,75.5,24.99,131,76,217.0,105.0,3,888,3,1,0,0
827,2024,2,25,3,4,156.1,56.0,22.97,91,48,145.0,,2,888,2,1,0,0
828,2024,2,54,4,4,159.9,67.9,26.56,111,82,175.0,103.0,3,888,3,2,0,0
829,2024,1,33,3,3,166.9,44.6,16.0,95,67,138.0,44.0,3,888,2,1,0,0
830,2024,1,61,1,1,169.9,59.1,20.5,116,74,189.0,88.0,1,12,1,1,0,0
831,2024,2,45,3,4,156.8,69.8,28.39,133,76,134.0,114.0,1,21,3,1,1,1
832,2024,2,38,3,9,154.3,62.1,26.08,120,63,156.0,93.0,2,888,2,1,0,0
833,2024,2,65,1,1,148.3,49.0,22.28,118,74,169.0,126.0,1,18,2,2,0,0
834,2024,2,51,3,3,161.2,54.1,20.81,112,71,205.0,67.0,3,888,3,1,0,0
835,2024,1,57,3,3,163.5,69.7,26.08,109,75,204.0,83.0,3,888,2,1,0,0
836,2024,2,61,2,1,154.1,64.1,27.0,122,75,141.0,81.0,3,888,2,1,0,0
837,2024,1,74,2,1,175.5,70.8,22.99,999,999,229.0,90.0,2,888,3,2,0,1
838,2024,2,44,2,4,164.4,56.9,21.05,127,72,193.0,61.0,3,888,1,2,0,0
839,2024,2,46,1,3,162.1,51.6,19.65,999,999,166.0,89.0,3,888,3,2,0,0
840,2024,2,62,3,2,163.2,,,148,90,156.0,109.0,3,888,2,2,0,1
841,2024,2,58,2,2,157.0,,,122,70,174.0,102.0,3,888,2,2,0,0
842,2024,2,53,2,1,154.1,,,115,67,139.0,,3,888,2,1,0,0
843,2024,1,42,2,1,159.5,60.5,23.77,115,71,197.0,66.0,3,888,2,2,0,0
844,2024,1,31,3,3,163.7,62.4,23.3,96,50,163.0,89.0,2,888,1,1,0,0
845,2024,2,45,3,4,159.5,67.7,26.62,118,65,216.0,,1,15,2,2,0,0
846,2024,2,33,3,4,158.7,59.8,23.75,122,71,192.0,77.0,1,16,2,2,0,0
847,2024,1,49,2,1,168.7,58.2,20.43,140,71,164.0,79.0,3,888,1,2,0,1
848,2024,2,45,3,2,153.7,69.1,29.26,124,71,217.0,92.0,2,888,1,1,0,0
849,2024,2,63,4,4,156.1,43.8,18.0,138,78,97.0,90.0,3,888,3,2,1,1
850,2024,2,62,2,1,147.2,50.7,23.38,117,59,129.0,72.0,2,888,1,1,0,0
851,2024,2,79,2,2,146.2,49.7,23.23,999,999,139.0,99.0,2,888,1,1,1,1
852,2024,1,42,4,3,168.2,72.7,25.69,144,77,209.0,113.0,3,888,1,1,0,1
853,2024,2,60,2,3,142.1,52.3,25.88,108,61,185.0,87.0,3,888,1,1,0,0
854,2024,1,71,4,3,166.7,69.1,24.87,145,80,163.0,88.0,3,888,2,2,0,1
855,2024,1,19,3,3,172.1,66.2,22.33,73,51,,90.0,2,888,2,1,0,0
856,2024,1,56,2,1,185.4,,,123,74,180.0,118.0,2,888,1,1,0,0
857,2024,2,47,3,2,156.3,55.5,22.72,143,84,182.0,112.0,1,20,2,1,0,1
858,2024,2,52,4,4,166.5,66.3,23.93,999,999,179.0,87.0,3,888,3,1,0,1
859,2024,2,53,3,2,160.1,71.9,28.02,123,69,232.0,99.0,3,888,3,1,0,0
860,2024,2,61,4,3,160.5,67.5,26.18,140,75,189.0,100.0,3,888,1,1,0,0
861,2024,2,47,4,4,165.8,70.1,25.49,102,77,154.0,109.0,2,888,2,2,0,0
862,2024,1,89,3,3,176.1,75.1,24.22,146,83,,103.0,2,888,1,1,1,1
863,2024,1,23,1,3,173.1,65.8,21.94,104,70,164.0,83.0,3,888,3,2,0,0
864,2024,9,62,1,1,165.2,68.4,25.08,131,75,171.0,125.0,3,888,3,1,1,1
865,2024,1,46,4,1,166.5,66.6,24.03,126,74,,64.0,3,888,1,1,0,0
866,2024,1,23,3,4,165.1,71.2,26.1,132,72,165.0,82.0,1,999,1,1,0,0
867,2024,2,37,1,3,162.3,66.6,25.3,137,83,166.0,70.0,2,888,2,2,0,0
868,2024,2,66,2,3,160.0,59.5,23.25,106,61,213.0,121.0,1,2,3,2,0,0
869,2024,1,34,2,3,160.7,71.5,27.68,99,66,152.0,93.0,3,888,2,2,0,0
870,2024,1,21,4,4,161.2,72.6,27.93,118,70,90.0,85.0,2,888,3,2,0,0
871,2024,2,68,2,1,156.2,46.0,18.87,91,56,220.0,77.0,2,888,2,2,0,0
872,2024,2,45,1,1,157.3,58.4,23.61,118,64,182.0,77.0,3,888,1,1,0,0
873,2024,2,41,1,2,157.3,,,120,63,109.0,,3,888,1,1,0,0
874,2024,1,89,2,9,170.4,72.7,25.03,136,73,166.0,100.0,3,888,2,2,1,1
875,2024,2,48,4,2,147.1,62.1,28.7,999,999,,78.0,3,888,2,2,0,0
876,2024,2,48,3,2,159.9,65.4,25.59,130,80,,61.0,1,25,2,2,0,0
877,2024,2,63,2,2,152.8,63.0,26.99,131,76,160.0,118.0,3,888,2,1,0,0
878,2024,2,32,2,2,158.2,53.4,21.32,97,71,132.0,,3,888,3,1,0,0
879,2024,2,47,2,1,156.3,73.1,29.93,141,78,207.0,93.0,1,11,2,2,1,1
880,2024,1,36,1,1,168.5,60.2,21.2,123,73,182.0,79.0,1,19,2,1,0,0
881,2024,1,51,3,2,174.1,47.0,15.51,112,64,195.0,115.0,2,888,1,2,0,0
882,2024,1,65,2,2,176.4,68.6,22.04,121,74,165.0,96.0,2,888,3,1,0,0
883,2024,1,53,1,2,176.6,61.9,19.86,148,81,166.0,82.0,3,888,2,1,0,1
884,2024,1,40,4,4,154.8,53.8,22.47,132,72,185.0,90.0,3,888,2,1,0,0
885,2024,2,42,2,1,156.4,60.9,24.88,999,999,220.0,71.0,3,888,2,1,0,0
886,2024,1,28,3,2,174.1,56.5,18.64,115,60,145.0,75.0,1,19,1,1,0,0
887,2024,1,71,1,4,183.3,,,137,82,127.0,,3,888,2,1,0,0
888,2024,1,65,1,2,183.7,79.4,23.52,121,72,,,3,888,1,1,1,1
889,2024,2,57,2,9,149.2,67.0,30.09,999,999,150.0,,9,999,1,1,0,0
890,2024,2,40,4,1,157.6,51.7,20.84,109,68,137.0,74.0,3,888,1,1,0,0
891,2024,2,53,3,3,154.4,65.5,27.47,122,82,162.0,96.0,3,888,1,1,0,0
892,2024,1,62,1,3,171.8,59.6,20.2,999,999,161.0,93.0,3,888,1,2,0,0
893,2024,2,49,3,1,158.7,62.6,24.85,134,86,141.0,62.0,3,888,1,1,0,0
894,2024,1,69,4,2,162.4,52.0,19.72,999,999,,77.0,3,888,2,1,0,0
895,2024,2,37,1,4,155.7,64.2,26.47,98,69,165.0,96.0,3,888,2,1,0,0
896,2024,1,63,3,3,170.7,,,126,75,181.0,63.0,2,888,2,2,0,0
897,2024,2,83,1,9,163.5,62.9,23.54,999,999,163.0,119.0,3,888,2,1,1,1
898,2024,2,34,4,4,158.5,60.5,24.06,104,68,152.0,95.0,3,888,2,1,0,0
899,2024,1,57,1,1,170.2,72.4,24.98,101,68,214.0,84.0,3,888,1,2,0,0
900,2024,1,44,1,1,175.6,68.6,22.24,999,999,143.0,111.0,2,888,2,1,0,1
901,2024,2,69,1,1,158.4,56.5,22.52,154,81,176.0,79.0,3,888,1,2,0,1
902,2024,2,36,1,1,167.7,59.3,21.11,109,66,145.0,72.0,3,888,2,1,0,0
903,2024,2,62,4,4,154.8,,,999,999,199.0,95.0,3,888,1,1,1,1
904,2024,1,20,2,3,164.7,65.4,24.11,112,76,184.0,63.0,3,888,2,1,0,0
905,2024,2,50,2,2,165.1,65.5,24.03,100,67,148.0,115.0,3,888,1,1,0,0
906,2024,2,40,1,2,155.8,65.5,26.98,104,65,253.0,,1,5,1,1,0,0
907,2024,1,58,4,1,165.3,47.4,17.33,999,999,,77.0,1,14,1,1,0,0
908,2024,2,41,4,3,158.7,60.7,24.07,999,999,193.0,72.0,3,888,1,2,0,0
909,2024,2,56,2,4,160.6,59.8,23.18,103,66,165.0,69.0,1,16,2,2,0,0
910,2024,2,54,2,9,156.0,78.6,32.32,151,85,205.0,106.0,1,15,3,2,0,1
911,2024,2,52,2,2,161.8,64.5,24.66,147,78,125.0,104.0,1,19,1,2,1,1
912,2024,1,82,4,1,177.2,,,116,65,226.0,78.0,1,4,3,1,1,1
913,2024,2,63,2,9,147.4,58.1,26.77,128,59,154.0,95.0,3,888,1,1,0,0
914,2024,2,59,3,4,147.7,67.8,31.08,119,74,,107.0,3,888,3,2,0,0
915,2024,1,67,4,2,167.4,75.2,26.82,999,999,185.0,80.0,3,888,3,1,0,1
916,2024,2,58,3,4,159.5,51.6,20.28,125,77,161.0,106.0,3,888,2,2,0,0
917,2024,1,54,2,1,170.9,52.2,17.87,121,71,170.0,109.0,1,3,3,1,0,0
918,2024,1,60,1,2,164.9,,,999,999,175.0,112.0,1,21,3,1,0,0
919,2024,2,54,1,1,151.4,70.3,30.64,999,999,151.0,108.0,1,17,2,1,0,0
920,2024,2,21,3,3,157.0,66.5,26.98,84,49,,107.0,2,888,1,2,0,0
921,2024,2,60,2,4,155.7,63.7,26.28,98,58,,104.0,3,888,2,2,0,0
922,2024,2,58,3,2,169.2,68.0,23.77,110,65,100.0,74.0,3,888,3,2,0,0
923,2024,2,31,4,3,159.6,81.5,31.98,122,74,166.0,109.0,1,7,3,1,0,0
924,2024,2,76,3,1,157.7,69.1,27.76,146,77,186.0,,2,888,2,1,1,1
925,2024,2,47,1,4,148.3,50.3,22.84,107,80,170.0,88.0,2,888,3,2,0,0
926,2024,1,59,1,9,180.4,85.5,26.26,128,77,183.0,,2,888,2,1,1,1
927,2024,1,68,3,2,167.0,59.8,21.44,114,58,194.0,68.0,2,888,2,1,0,0
928,2024,2,71,2,1,155.2,63.8,26.48,999,999,171.0,,3,888,2,1,0,0
929,2024,2,63,3,4,155.7,55.1,22.73,124,81,119.0,,3,888,2,1,0,0
930,2024,2,44,4,3,156.2,54.5,22.34,96,73,,58.0,2,888,1,2,0,0
931,2024,1,75,3,9,168.4,58.7,20.71,126,74,205.0,95.0,2,888,3,1,0,0
932,2024,1,58,3,4,165.0,54.2,19.88,999,999,188.0,80.0,2,888,3,1,0,0
933,2024,2,61,3,1,157.8,69.6,27.96,127,70,197.0,93.0,3,888,2,1,0,0
934,2024,2,29,3,3,159.5,58.6,23.05,123,81,,74.0,3,888,3,2,0,0
935,2024,1,53,2,4,176.3,86.5,27.81,105,59,205.0,89.0,3,888,2,2,0,0
936,2024,2,20,3,2,157.0,75.0,30.44,113,92,190.0,105.0,2,888,3,2,0,1
937,2024,2,38,1,3,158.9,70.6,27.94,120,67,143.0,84.0,3,888,2,1,0,0
938,2024,2,73,3,1,153.9,,,139,68,205.0,98.0,3,888,3,1,0,0
939,2024,2,79,4,4,169.1,65.6,22.95,144,71,169.0,118.0,3,888,1,1,0,1
940,2024,2,68,3,1,155.3,79.6,33.0,999,999,118.0,112.0,3,888,3,1,0,0
941,2024,2,47,4,4,162.5,63.2,23.95,118,70,137.0,102.0,3,888,2,1,0,0
942,2024,2,46,2,1,152.4,71.9,30.95,119,78,198.0,102.0,3,888,3,2,0,0
943,2024,2,53,3,2,157.6,65.2,26.25,109,69,182.0,91.0,2,888,1,1,0,0
944,2024,1,46,4,1,172.9,49.8,16.65,96,67,153.0,96.0,1,24,1,2,0,0
945,2024,2,69,3,2,162.9,73.1,27.55,136,85,167.0,93.0,3,888,1,2,1,1
946,2024,2,54,9,4,165.2,55.5,20.32,102,65,148.0,97.0,3,888,2,2,0,0
947,2024,2,27,1,4,153.9,61.8,26.09,104,61,160.0,,1,25,1,1,0,0
948,2024,1,36,4,3,168.8,72.4,25.42,122,77,176.0,97.0,3,888,2,1,0,0
949,2024,2,57,3,1,152.4,73.5,31.67,999,999,165.0,86.0,3,888,2,2,0,0
950,2024,2,26,1,1,155.3,61.3,25.41,104,67,167.0,90.0,1,9,3,1,0,0
951,2024,2,60,2,2,156.0,74.6,30.64,104,68,153.0,113.0,3,888,1,2,0,0
952,2024,9,80,2,2,163.4,76.5,28.66,150,72,,90.0,1,11,3,2,0,1
953,2024,2,42,1,2,162.2,65.3,24.82,137,75,122.0,67.0,2,888,3,2,0,0
954,2024,2,61,3,3,160.5,73.0,28.35,130,62,213.0,89.0,3,888,1,2,0,0
955,2024,2,80,2,4,159.4,71.7,28.21,126,89,189.0,,3,888,2,1,0,0
956,2024,2,47,1,2,156.4,56.7,23.2,117,65,134.0,106.0,2,888,2,1,0,0
957,2024,2,32,3,1,162.8,56.3,21.25,125,73,,86.0,1,9,2,2,0,0
958,2024,2,33,2,3,154.9,64.8,27.02,122,74,128.0,,3,888,3,1,0,0
959,2024,1,51,4,1,172.5,67.5,22.68,136,72,144.0,95.0,3,888,1,1,1,1
960,2024,2,27,4,4,150.5,51.0,22.52,119,54,169.0,83.0,1,22,3,2,0,0
961,2024,1,53,1,2,175.0,71.9,23.49,117,67,133.0,84.0,3,888,2,2,0,0
962,2024,2,66,2,9,159.6,,,999,999,241.0,93.0,2,888,3,1,1,1
963,2024,2,49,1,1,165.4,56.2,20.55,127,78,198.0,60.0,3,888,1,1,0,0
964,2024,1,61,3,2,160.3,64.1,24.94,999,999,154.0,126.0,3,888,2,2,0,0
965,2024,2,63,4,4,156.2,49.4,20.25,130,70,142.0,94.0,3,888,1,1,1,1
966,2024,1,45,1,9,170.8,,,117,85,150.0,81.0,3,888,1,2,0,0
967,2024,1,24,3,4,174.3,70.4,23.15,105,69,168.0,92.0,1,9,2,2,0,0
968,2024,1,38,3,2,176.2,65.9,21.23,109,79,187.0,69.0,2,888,2,1,0,0
969,2024,1,69,1,2,161.2,63.2,24.33,106,68,,,1,6,3,2,0,0
970,2024,2,47,4,3,170.8,65.8,22.55,104,70,201.0,74.0,3,888,3,1,0,0
971,2024,2,27,2,4,149.3,41.1,18.43,109,61,,,1,28,2,2,0,0
972,2024,1,67,4,3,178.0,79.5,25.1,126,72,137.0,117.0,3,888,3,1,1,1
973,2024,1,50,1,3,170.8,61.3,20.99,116,79,,77.0,2,888,3,1,0,0
974,2024,1,55,2,2,160.4,66.0,25.65,141,80,135.0,95.0,3,888,1,2,0,1
975,2024,1,56,2,2,173.3,,,139,91,124.0,111.0,2,888,1,1,0,1
976,2024,1,67,3,1,177.7,,,127,79,173.0,112.0,1,28,1,1,0,0
977,2024,1,71,3,3,165.6,65.5,23.88,141,88,165.0,106.0,2,888,2,2,0,1
978,2024,2,80,3,3,163.9,72.5,26.98,122,80,174.0,131.0,3,888,3,1,0,0
979,2024,1,34,3,4,171.5,73.9,25.14,99,60,138.0,85.0,3,888,1,1,0,0
980,2024,1,63,4,1,179.2,62.0,19.31,999,999,121.0,93.0,3,888,3,1,0,0
981,2024,1,45,4,1,179.8,56.8,17.57,92,66,231.0,67.0,3,888,2,1,0,0
982,2024,2,64,3,3,146.7,59.2,27.51,105,68,204.0,72.0,3,888,2,1,0,0
983,2024,2,58,4,3,150.0,67.1,29.83,999,999,164.0,128.0,3,888,2,1,0,0
984,2024,2,89,2,2,161.3,75.6,29.07,128,56,125.0,87.0,2,888,2,2,0,0
985,2024,2,50,4,4,168.8,,,999,999,195.0,75.0,3,888,2,2,0,0
986,2024,2,53,2,2,149.7,62.0,27.67,139,79,,81.0,3,888,3,1,0,0
987,2024,2,51,3,3,163.8,64.9,24.2,132,77,168.0,98.0,3,888,1,2,0,0
988,2024,2,57,3,3,156.1,66.1,27.14,98,66,113.0,80.0,3,888,3,1,0,0
989,2024,1,46,2,2,170.3,78.9,27.23,131,91,178.0,67.0,1,16,3,2,0,1
990,2024,2,64,1,1,158.3,61.1,24.4,102,68,184.0,93.0,2,888,2,2,0,0
991,2024,2,50,4,4,152.6,36.0,15.47,116,75,149.0,83.0,2,888,3,2,0,0
992,2024,2,38,3,1,155.2,,,115,64,175.0,111.0,1,11,2,2,0,0
993,2024,1,53,3,2,172.6,,,147,84,189.0,68.0,1,5,2,1,1,1
994,2024,1,55,2,2,163.4,81.3,30.45,999,999,196.0,115.0,3,888,3,2,0,0
995,2024,2,54,3,4,165.9,69.2,25.14,131,77,,145.0,3,888,2,1,0,0
996,2024,1,83,3,1,160.5,,,146,84,171.0,92.0,1,19,1,2,0,1
997,2024,1,42,3,1,172.0,62.8,21.23,96,61,147.0,85.0,3,888,2,2,0,0
998,2024,1,61,1,3,172.2,,,131,87,181.0,91.0,3,888,2,2,0,0
999,2024,2,89,3,3,159.1,56.9,22.5,999,999,165.0,,3,888,2,2,0,0
1000,2024,1,74,1,1,176.1,66.0,21.26,96,72,217.0,77.0,2,888,1,1,0,0
1001,2024,1,48,2,4,184.7,72.1,21.13,128,72,166.0,101.0,1,7,3,1,0,0
1002,2024,1,82,3,1,178.4,66.2,20.79,106,62,172.0,144.0,2,888,1,2,0,0
1003,2024,1,37,3,9,178.4,70.1,22.01,999,999,141.0,76.0,2,888,3,2,0,0
1004,2024,2,65,4,4,161.8,57.6,22.01,100,57,195.0,,3,888,3,2,0,0
1005,2024,2,48,4,4,160.8,58.1,22.47,999,999,123.0,104.0,3,888,1,2,0,0
1006,2024,1,58,3,2,168.7,57.0,20.02,110,71,194.0,114.0,2,888,3,2,1,1
1007,2024,2,62,4,4,149.3,62.0,27.8,119,71,155.0,89.0,3,888,3,2,0,0
1008,2024,1,41,3,1,166.4,56.7,20.49,93,67,240.0,110.0,1,13,2,2,0,0
1009,2024,2,36,4,4,155.8,,,91,64,,,3,888,2,1,0,0
1010,2024,1,41,2,1,169.8,69.7,24.17,114,79,,86.0,3,888,2,1,0,0
1011,2024,2,49,1,1,149.7,69.0,30.81,125,72,185.0,74.0,3,888,1,1,0,0
1012,2024,1,46,2,4,166.4,,,128,79,,100.0,1,14,2,1,0,0
1013,2024,1,64,9,9,167.9,63.5,22.52,123,66,215.0,96.0,1,7,3,1,0,0
1014,2024,2,69,4,1,152.8,67.1,28.73,134,84,191.0,126.0,2,888,3,2,1,1
1015,2024,1,67,3,2,173.3,,,142,74,160.0,124.0,1,13,3,1,0,1
1016,2024,2,89,2,3,150.7,,,122,74,228.0,132.0,3,888,2,2,1,1
1017,2024,2,33,3,2,141.7,,,115,67,205.0,158.0,1,16,1,1,0,0
1018,2024,2,54,2,3,152.4,36.0,15.5,107,59,,92.0,3,888,3,2,0,0
1019,2024,1,24,3,3,181.8,61.7,18.65,91,73,195.0,84.0,1,18,3,1,0,0
1020,2024,1,71,4,3,170.0,72.6,25.11,146,74,155.0,97.0,3,888,1,1,0,1
1021,2024,1,60,3,1,165.5,49.1,17.91,112,63,,89.0,1,27,1,1,0,0
1022,2024,2,79,2,2,161.2,76.6,29.5,133,64,166.0,80.0,3,888,1,2,0,0
1023,2024,2,19,3,2,160.3,,,116,82,54.0,79.0,1,21,3,2,0,0
1024,2024,1,74,1,1,161.4,68.4,26.25,146,81,143.0,101.0,1,13,1,1,0,1
1025,2024,2,39,2,3,164.2,66.2,24.56,103,64,,97.0,3,888,2,2,0,0
1026,2024,1,70,3,1,177.0,71.4,22.79,123,80,193.0,,2,888,1,2,0,0
1027,2024,1,46,2,2,166.0,79.9,29.01,107,75,149.0,113.0,3,888,2,2,0,0
1028,2024,1,44,3,4,177.1,,,114,65,,91.0,1,17,1,2,0,0
1029,2024,2,56,3,3,160.9,66.3,25.62,111,68,116.0,,3,888,2,1,0,0
1030,2024,2,49,2,3,149.8,55.3,24.65,108,72,141.0,101.0,3,888,2,2,0,0
1031,2024,1,57,3,3,163.4,55.5,20.79,147,77,159.0,101.0,1,21,3,2,1,1
1032,2024,2,54,4,3,140.7,49.2,24.87,92,62,236.0,69.0,3,888,2,2,0,0
1033,2024,2,56,2,1,160.2,54.8,21.33,111,72,140.0,109.0,2,888,2,2,0,0
1034,2024,1,68,3,3,174.1,63.2,20.85,124,65,144.0,85.0,3,888,2,2,0,0
1035,2024,2,64,2,4,147.2,45.4,20.96,111,67,,87.0,3,888,1,1,0,0
1036,2024,2,64,3,3,167.7,78.2,27.79,125,73,,,3,888,2,1,0,0
1037,2024,2,41,3,2,164.6,60.0,22.16,97,50,183.0,112.0,2,888,1,1,0,0
1038,2024,1,50,4,4,169.6,68.1,23.68,95,58,,102.0,3,888,1,2,0,0
1039,2024,2,68,4,1,163.7,77.4,28.89,123,81,191.0,94.0,1,20,3,1,0,0
1040,2024,2,60,2,2,145.7,,,126,69,,111.0,1,16,2,1,1,1
1041,2024,9,65,2,2,169.3,59.1,20.6,120,86,167.0,80.0,3,888,2,2,0,0
1042,2024,2,61,1,9,154.8,49.6,20.71,122,74,,,3,888,2,2,0,0
1043,2024,2,42,1,1,160.0,75.5,29.49,72,59,180.0,67.0,2,888,3,2,0,0
1044,2024,1,33,4,3,158.6,70.4,27.96,79,59,179.0,98.0,3,888,2,1,0,0
1045,2024,2,52,2,3,154.8,,,123,61,156.0,93.0,2,888,2,1,0,0
1046,2024,1,48,3,4,167.0,54.9,19.7,107,80,131.0,99.0,3,888,2,2,0,0
1047,2024,1,58,3,3,173.9,65.7,21.71,134,82,229.0,84.0,2,888,3,1,1,1
1048,2024,1,72,3,2,178.4,,,128,76,205.0,,1,19,3,2,0,0
1049,2024,2,46,2,9,160.4,,,108,64,,60.0,3,888,2,2,0,0
1050,2024,2,64,3,2,159.6,71.2,27.94,130,77,134.0,94.0,2,888,3,1,0,0
1051,2024,2,43,2,4,159.2,,,129,85,,110.0,3,888,1,1,0,0
1052,2024,1,81,3,3,163.8,64.2,23.94,130,65,113.0,77.0,2,888,1,1,0,0
1053,2024,1,54,1,9,165.2,47.0,17.25,118,70,167.0,88.0,3,888,1,2,0,0
1054,2024,9,77,3,4,144.7,68.4,32.67,161,87,117.0,113.0,3,888,3,1,0,1
1055,2024,2,57,3,1,160.9,71.6,27.68,131,82,,104.0,3,888,2,1,0,0
1056,2024,1,32,4,2,170.0,74.0,25.62,96,77,202.0,,3,888,2,1,0,0
1057,2024,9,85,2,2,179.2,86.3,26.88,129,76,135.0,100.0,3,888,2,1,0,0
1058,2024,2,59,3,2,153.3,65.1,27.68,130,75,192.0,64.0,3,888,2,1,0,0
1059,2024,2,52,2,4,159.5,57.3,22.53,127,78,136.0,80.0,3,888,2,2,0,0
1060,2024,2,76,4,1,173.0,69.0,23.04,123,64,,84.0,3,888,3,1,0,0
1061,2024,2,63,2,9,152.0,62.3,27.0,129,66,177.0,84.0,3,888,1,1,0,0
1062,2024,1,28,2,1,159.0,65.4,25.9,98,63,159.0,83.0,3,888,3,1,0,0
1063,2024,1,49,3,3,178.8,46.7,14.6,112,60,201.0,73.0,2,888,2,1,0,0
1064,2024,1,33,2,3,181.3,64.9,19.76,73,52,164.0,87.0,3,888,2,2,0,0
1065,2024,1,21,1,1,171.7,66.7,22.62,102,71,203.0,64.0,3,888,2,2,0,0
1066,2024,2,43,2,4,151.9,61.9,26.8,122,65,133.0,96.0,3,888,2,2,0,0
1067,2024,1,69,1,1,170.6,76.7,26.38,121,68,185.0,106.0,3,888,2,1,0,0
1068,2024,2,57,3,2,152.2,52.8,22.8,130,79,,70.0,2,888,1,1,0,0
1069,2024,2,34,3,1,160.9,56.7,21.89,118,68,168.0,80.0,3,888,2,1,0,0
1070,2024,2,58,2,2,152.8,56.3,24.12,76,56,207.0,,3,888,2,2,0,0
1071,2024,1,72,4,1,164.8,77.9,28.67,151,100,127.0,90.0,1,17,2,1,0,1
1072,2024,2,45,2,3,169.3,51.0,17.81,107,63,154.0,94.0,3,888,2,1,0,0
1073,2024,2,52,1,9,154.4,61.9,25.96,130,77,75.0,102.0,3,888,1,1,0,0
1074,2024,2,62,3,3,153.9,52.3,22.07,999,999,181.0,86.0,3,888,3,1,1,1
1075,2024,1,70,2,2,170.8,68.5,23.48,114,57,193.0,114.0,3,888,2,2,0,0
1076,2024,2,34,3,4,165.8,65.3,23.75,106,79,,75.0,3,888,1,1,0,0
1077,2024,2,60,2,3,159.5,61.8,24.3,95,72,194.0,,3,888,1,1,0,0
1078,2024,1,35,3,3,159.4,56.4,22.18,116,67,158.0,,3,888,3,1,0,0
1079,2024,1,59,2,2,179.6,62.6,19.39,112,80,138.0,72.0,3,888,2,1,0,0
1080,2024,1,75,2,1,180.2,73.4,22.61,113,71,225.0,80.0,1,21,2,2,0,0
1081,2024,2,41,3,1,155.9,44.9,18.48,97,79,166.0,,2,888,3,2,0,0
1082,2024,1,47,2,2,173.6,68.2,22.63,120,75,111.0,85.0,2,888,3,1,0,0
1083,2024,2,24,2,3,158.7,69.4,27.56,105,56,156.0,100.0,3,888,1,1,0,0
1084,2024,2,40,1,2,171.4,69.5,23.65,118,53,120.0,54.0,3,888,3,1,1,1
1085,2024,2,46,2,4,158.8,72.6,28.78,98,66,210.0,,2,888,2,2,0,0
1086,2024,1,61,3,2,162.7,82.9,31.32,126,69,178.0,107.0,2,888,3,2,0,0
1087,2024,2,44,3,4,158.2,,,118,64,192.0,85.0,3,888,2,1,0,0
1088,2024,1,80,2,4,171.2,67.2,22.92,999,999,202.0,92.0,1,20,2,2,0,0
1089,2024,2,51,1,1,139.1,51.7,26.7,122,76,139.0,115.0,2,888,1,2,0,0
1090,2024,1,69,1,9,177.7,76.8,24.34,128,68,196.0,126.0,3,888,1,1,0,0
1091,2024,9,41,4,9,176.3,66.7,21.47,92,59,162.0,94.0,3,888,3,2,0,0
1092,2024,2,57,2,2,153.9,64.5,27.22,115,81,,79.0,1,26,2,2,0,0
1093,2024,2,60,3,4,157.6,57.4,23.12,136,79,196.0,76.0,3,888,1,2,1,1
1094,2024,1,44,2,1,168.3,54.7,19.32,122,65,192.0,106.0,3,888,2,2,0,0
1095,2024,1,44,4,3,174.9,,,999,999,210.0,71.0,1,999,2,1,0,0
1096,2024,2,47,4,4,161.6,,,119,70,205.0,120.0,3,888,1,2,0,0
1097,2024,1,39,2,2,168.6,48.6,17.1,93,61,196.0,100.0,3,888,1,2,0,0
1098,2024,1,75,3,4,169.0,71.9,25.17,129,75,153.0,68.0,3,888,2,1,0,0
1099,2024,2,72,3,4,155.9,59.2,24.35,151,91,,98.0,3,888,2,2,1,1
1100,2024,1,38,3,4,178.0,81.7,25.79,91,59,203.0,75.0,3,888,3,1,0,0
1101,2024,2,77,2,2,156.3,57.6,23.58,141,84,171.0,94.0,2,888,1,1,1,1
1102,2024,1,56,4,4,177.1,77.4,24.67,114,67,149.0,62.0,1,15,3,2,0,0
1103,2024,1,53,2,3,174.5,,,105,58,222.0,78.0,2,888,2,1,0,0
1104,2024,1,45,4,4,154.9,,,120,88,135.0,91.0,9,999,1,1,0,0
1105,2024,1,45,1,2,175.1,69.2,22.56,107,63,151.0,98.0,3,888,1,1,0,0
1106,2024,2,60,3,1,165.9,49.9,18.15,103,58,,59.0,3,888,1,2,0,0
1107,2024,1,82,4,4,170.8,,,146,81,213.0,136.0,3,888,3,1,1,1
1108,2024,2,19,3,1,158.7,67.5,26.78,88,57,231.0,102.0,3,888,2,2,0,0
1109,2024,2,56,3,2,154.4,54.5,22.87,122,75,168.0,108.0,3,888,3,2,0,0
1110,2024,2,77,2,9,154.1,56.3,23.69,102,65,198.0,58.0,3,888,2,2,1,1
1111,2024,1,57,4,2,172.7,57.3,19.22,119,68,148.0,66.0,2,888,3,2,0,0
1112,2024,2,41,3,1,156.0,65.8,27.05,109,65,149.0,98.0,3,888,1,2,0,0
1113,2024,1,59,2,1,164.3,67.1,24.86,118,72,127.0,86.0,2,888,3,2,0,0
1114,2024,2,38,2,2,157.3,75.1,30.38,105,65,221.0,112.0,3,888,3,1,0,0
1115,2024,1,68,2,3,173.7,65.3,21.65,139,91,179.0,73.0,1,13,1,1,1,1
1116,2024,1,52,2,2,178.4,62.6,19.68,94,64,162.0,100.0,1,10,2,1,0,0
1117,2024,1,56,3,1,168.2,61.8,21.84,126,70,144.0,86.0,1,10,2,1,0,0
1118,2024,1,71,1,2,179.3,76.4,23.76,999,999,204.0,101.0,1,7,2,1,1,1
1119,2024,2,69,4,4,154.9,62.4,26.02,117,69,181.0,111.0,3,888,2,1,1,1
1120,2024,2,49,4,4,167.7,,,999,999,213.0,93.0,3,888,2,1,0,0
1121,2024,1,53,3,3,169.7,,,107,69,148.0,86.0,3,888,2,2,0,0
1122,2024,1,31,4,1,173.1,,,127,65,122.0,61.0,1,11,1,1,0,0
1123,2024,1,74,3,4,162.9,70.8,26.68,139,85,162.0,,1,13,1,2,1,1
1124,2024,1,44,4,3,185.5,,,999,999,131.0,89.0,3,888,1,1,0,0
1125,2024,2,51,3,4,156.2,63.4,25.99,123,61,133.0,107.0,3,888,2,1,0,0
1126,2024,2,19,1,1,157.2,,,116,84,228.0,67.0,3,888,2,1,0,0
1127,2024,1,40,2,4,163.8,69.9,26.03,141,83,172.0,86.0,3,888,3,2,1,1
1128,2024,1,40,3,1,168.4,64.5,22.74,99,52,,99.0,3,888,2,1,0,0
1129,2024,1,57,4,4,168.3,61.6,21.74,122,68,135.0,59.0,3,888,3,2,0,0
1130,2024,1,72,1,1,174.2,81.0,26.69,138,91,192.0,111.0,2,888,2,1,0,1
1131,2024,2,51,3,2,161.0,,,145,77,187.0,86.0,3,888,1,1,0,1
1132,2024,1,89,3,1,168.6,74.9,26.35,112,78,176.0,104.0,3,888,2,1,0,0
1133,2024,2,89,3,3,153.5,75.4,32.01,999,999,206.0,101.0,3,888,2,2,1,1
1134,2024,1,89,3,2,170.5,57.3,19.72,135,79,,125.0,2,888,2,2,1,1
1135,2024,1,54,3,4,178.0,54.8,17.29,94,50,247.0,,3,888,3,1,0,0
1136,2024,2,45,1,9,152.0,64.5,27.94,999,999,122.0,,2,888,3,2,0,0
1137,2024,1,41,1,4,177.5,52.4,16.63,120,69,189.0,71.0,1,10,2,1,0,0
1138,2024,2,38,4,1,143.1,57.4,28.02,139,85,139.0,87.0,3,888,3,1,0,0
1139,2024,2,57,1,2,157.4,59.7,24.1,110,79,,84.0,3,888,2,1,0,0
1140,2024,1,36,2,2,175.7,49.1,15.92,115,71,116.0,68.0,1,18,3,2,0,0
1141,2024,2,32,1,1,147.9,56.1,25.65,95,58,128.0,96.0,3,888,2,1,0,0
1142,2024,2,61,2,2,165.3,79.6,29.14,115,82,200.0,113.0,1,999,1,2,0,0
1143,2024,1,56,4,3,163.1,66.3,24.92,81,54,172.0,82.0,1,15,2,2,0,0
1144,2024,1,45,1,3,168.3,41.6,14.7,91,63,144.0,,1,13,1,1,0,0
1145,2024,1,64,1,1,171.9,65.1,22.02,130,72,152.0,87.0,2,888,1,1,0,0
1146,2024,1,49,3,4,172.2,57.1,19.28,90,55,110.0,85.0,3,888,3,1,0,0
1147,2024,2,46,2,1,170.6,54.7,18.8,119,70,128.0,56.0,2,888,3,2,0,0
1148,2024,1,37,4,1,161.4,72.6,27.88,104,60,138.0,86.0,9,999,2,2,0,0
1149,2024,2,32,3,2,165.7,81.5,29.68,111,61,201.0,104.0,3,888,1,1,0,0
1150,2024,1,39,3,4,170.7,71.2,24.41,108,72,193.0,99.0,3,888,1,2,0,0
1151,2024,2,41,3,2,164.4,63.5,23.48,107,70,122.0,78.0,3,888,3,2,0,0
1152,2024,1,24,2,4,181.7,75.9,22.98,136,76,193.0,89.0,3,888,2,1,1,1
1153,2024,1,56,1,9,173.2,86.1,28.68,137,94,177.0,90.0,3,888,1,1,1,1
1154,2024,2,41,3,3,160.7,72.5,28.1,106,67,190.0,104.0,3,888,2,2,0,0
1155,2024,1,40,4,3,177.0,63.5,20.28,999,999,180.0,69.0,3,888,2,1,0,0
1156,2024,1,51,2,1,178.9,,,103,70,176.0,79.0,3,888,2,2,1,1
1157,2024,2,68,4,3,152.3,,,999,999,116.0,142.0,3,888,2,1,0,1
1158,2024,2,64,1,2,166.7,68.8,24.76,111,58,153.0,96.0,2,888,1,2,0,0
1159,2024,1,42,2,1,179.2,59.6,18.57,97,69,210.0,98.0,1,34,3,1,0,0
1160,2024,2,69,2,1,158.8,60.3,23.89,999,999,207.0,81.0,2,888,3,2,0,0
1161,2024,1,54,2,2,158.8,54.0,21.42,115,65,125.0,112.0,3,888,3,1,0,0
1162,2024,1,65,1,1,172.8,68.2,22.82,999,999,199.0,,3,888,2,1,0,0
1163,2024,2,38,3,2,160.1,71.4,27.87,128,97,,129.0,3,888,2,2,0,1
1164,2024,2,38,4,4,155.9,,,999,999,157.0,95.0,3,888,2,1,0,0
1165,2024,2,51,2,2,160.4,67.8,26.34,115,61,155.0,106.0,3,888,3,1,0,0
1166,2024,1,66,2,1,181.4,,,134,61,153.0,90.0,2,888,2,1,0,0
1167,2024,1,76,2,2,172.1,,,143,78,194.0,113.0,2,888,3,2,1,1
1168,2024,1,64,3,4,172.4,50.3,16.91,116,64,193.0,101.0,1,9,2,1,0,0
1169,2024,2,79,2,3,160.1,72.2,28.15,130,72,251.0,,3,888,2,1,0,0
1170,2024,2,32,4,3,155.7,66.2,27.32,101,77,162.0,101.0,3,888,1,2,0,0
1171,2024,2,42,3,4,158.6,70.6,28.08,139,81,188.0,92.0,3,888,3,1,0,0
1172,2024,1,31,2,2,175.2,76.3,24.88,999,999,173.0,111.0,2,888,2,1,0,0
1173,2024,1,43,3,2,173.9,,,136,74,128.0,109.0,3,888,2,2,0,0
1174,2024,2,37,2,4,153.0,60.8,25.96,117,78,137.0,79.0,3,888,2,2,0,0
1175,2024,2,55,3,2,153.8,71.4,30.18,135,89,192.0,113.0,3,888,3,1,0,0
1176,2024,1,24,3,4,173.6,69.9,23.21,104,63,130.0,86.0,2,888,2,2,0,0
1177,2024,2,83,4,4,151.0,66.6,29.19,999,999,235.0,99.0,2,888,2,1,0,1
1178,2024,2,28,3,1,153.3,68.2,29.01,91,69,,76.0,1,11,2,1,0,0
1179,2024,1,54,3,3,170.6,85.8,29.45,138,79,184.0,84.0,2,888,1,1,0,0
1180,2024,2,62,3,1,167.0,,,116,71,194.0,,2,888,2,1,0,0
1181,2024,1,57,4,4,158.7,77.5,30.79,113,64,233.0,91.0,3,888,2,1,0,0
1182,2024,2,59,3,2,152.5,,,134,84,156.0,114.0,3,888,3,1,0,0
1183,2024,2,32,3,3,154.3,47.2,19.82,119,57,178.0,102.0,3,888,3,2,0,0
1184,2024,1,68,3,4,165.9,72.3,26.26,118,76,193.0,114.0,2,888,3,2,0,0
1185,2024,1,65,3,2,171.5,76.0,25.84,139,74,164.0,97.0,3,888,1,1,1,1
1186,2024,2,19,4,3,167.2,42.6,15.23,87,61,140.0,74.0,2,888,2,1,0,0
1187,2024,1,57,2,3,169.2,72.5,25.33,144,86,190.0,81.0,3,888,1,2,0,1
1188,2024,2,64,3,3,165.6,66.6,24.27,999,999,231.0,97.0,3,888,1,1,0,0
1189,2024,2,72,4,4,162.8,60.8,22.92,157,94,223.0,74.0,3,888,2,1,1,1
1190,2024,1,53,3,3,175.0,58.7,19.17,87,49,182.0,108.0,1,1,2,2,0,0
1191,2024,1,42,2,3,173.3,59.8,19.9,999,999,155.0,77.0,3,888,3,1,0,0
1192,2024,1,53,3,2,169.3,66.6,23.23,98,65,180.0,107.0,1,17,2,1,0,0
1193,2024,2,43,4,2,161.1,60.1,23.17,119,74,,84.0,3,888,1,1,0,0
1194,2024,2,24,3,4,164.5,68.6,25.36,121,64,148.0,76.0,1,8,1,1,0,0
1195,2024,2,66,1,2,162.9,57.1,21.5,83,57,168.0,94.0,2,888,1,2,0,0
1196,2024,1,66,2,2,166.0,63.4,23.0,95,63,202.0,112.0,1,18,2,2,0,0
1197,2024,1,31,2,1,170.1,60.6,20.93,106,64,111.0,93.0,9,999,2,2,0,0
1198,2024,2,41,1,9,163.5,72.5,27.13,99,56,187.0,77.0,2,888,1,2,0,0
1199,2024,1,56,3,2,170.6,75.7,26.03,146,81,,82.0,1,999,1,1,0,1
1200,2024,1,46,3,3,168.1,65.9,23.34,131,83,140.0,106.0,3,888,1,1,0,0
1201,2024,1,60,3,3,171.7,91.8,31.14,126,81,199.0,63.0,3,888,3,2,0,0
1202,2024,1,32,3,4,184.8,68.0,19.91,113,75,162.0,86.0,1,10,2,2,0,0
1203,2024,2,89,3,2,154.2,,,999,999,130.0,113.0,3,888,1,1,1,1
1204,2024,2,72,2,1,155.3,71.5,29.65,143,96,126.0,104.0,3,888,1,1,0,1
1205,2024,2,70,4,3,162.0,73.3,27.93,94,69,152.0,83.0,2,888,1,2,0,0
1206,2024,2,49,2,9,157.4,59.4,23.98,93,58,190.0,93.0,3,888,2,1,0,0
1207,2024,2,52,4,3,162.4,73.7,27.94,999,999,200.0,,2,888,1,2,1,1
1208,2024,2,69,4,4,153.2,,,132,73,209.0,,3,888,1,1,0,0
1209,2024,2,56,4,2,149.7,83.0,37.05,119,65,157.0,84.0,3,888,2,1,0,0
1210,2024,2,47,2,3,155.9,51.1,21.01,999,999,192.0,86.0,1,17,2,1,0,0
1211,2024,1,46,3,1,166.6,80.4,28.96,137,66,182.0,117.0,1,20,1,1,0,0
1212,2024,2,44,3,2,157.6,74.4,29.97,122,67,165.0,99.0,3,888,2,2,0,0
1213,2024,2,84,4,4,159.7,63.1,24.74,144,74,189.0,92.0,3,888,2,2,0,1
1214,2024,2,52,2,2,151.5,47.7,20.8,97,72,130.0,87.0,3,888,3,1,0,0
1215,2024,1,41,3,3,180.3,,,128,81,,72.0,1,999,1,1,1,1
1216,2024,1,54,2,3,178.5,83.0,26.06,116,60,186.0,103.0,3,888,1,1,0,0
1217,2024,2,75,1,1,160.0,73.2,28.62,999,999,194.0,103.0,3,888,3,2,0,1
1218,2024,2,40,3,2,155.3,63.0,26.13,102,59,195.0,90.0,3,888,3,1,0,0
1219,2024,1,47,4,2,175.8,80.1,25.9,124,79,156.0,89.0,1,999,2,1,0,0
1220,2024,2,30,4,3,159.8,49.5,19.39,109,65,149.0,90.0,3,888,2,2,0,0
1221,2024,1,19,2,4,173.2,74.2,24.74,111,55,136.0,54.0,3,888,3,1,0,0
1222,2024,1,61,3,2,167.6,73.7,26.25,105,65,159.0,65.0,3,888,1,1,0,0
1223,2024,2,53,3,2,157.9,69.8,28.01,124,66,,89.0,2,888,3,1,0,0
1224,2024,1,40,1,2,162.1,61.0,23.23,111,73,180.0,120.0,2,888,2,2,0,0
1225,2024,2,63,3,4,159.9,65.4,25.57,999,999,188.0,95.0,3,888,2,2,0,0
1226,2024,2,65,4,2,156.4,59.2,24.19,137,72,183.0,102.0,3,888,1,1,0,0
1227,2024,2,71,3,1,165.3,71.7,26.24,132,91,160.0,105.0,3,888,1,1,0,1
1228,2024,1,30,2,4,178.7,63.5,19.89,105,74,151.0,62.0,1,13,1,2,0,0
1229,2024,1,38,2,1,178.4,,,98,58,138.0,88.0,3,888,1,2,0,0
1230,2024,2,66,4,1,162.5,50.3,19.05,133,69,218.0,89.0,3,888,2,1,0,0
1231,2024,1,49,2,3,176.7,76.8,24.59,109,69,184.0,91.0,1,14,1,1,0,0
1232,2024,1,42,2,4,174.3,59.0,19.45,108,57,167.0,50.0,1,999,2,1,0,0
1233,2024,2,74,3,4,152.0,48.7,21.06,152,82,197.0,105.0,3,888,2,1,1,1
1234,2024,1,76,1,1,184.5,39.2,11.5,109,68,177.0,98.0,2,888,3,1,0,0
1235,2024,2,37,2,4,152.6,59.7,25.63,134,83,227.0,85.0,3,888,2,2,0,0
1236,2024,1,55,2,2,174.5,,,96,63,189.0,,2,888,1,1,0,0
1237,2024,2,59,2,1,146.6,59.5,27.68,140,71,161.0,80.0,3,888,2,1,0,1
1238,2024,1,28,1,1,179.2,79.2,24.65,104,79,169.0,84.0,3,888,2,1,0,0
1239,2024,2,59,3,1,159.2,63.9,25.2,137,87,211.0,77.0,2,888,2,2,0,0
1240,2024,2,28,2,2,148.4,52.8,23.94,999,999,173.0,105.0,3,888,3,1,0,0
1241,2024,2,50,4,4,171.0,,,144,83,192.0,119.0,3,888,2,2,0,1
1242,2024,1,73,2,3,175.2,82.2,26.77,122,70,,97.0,3,888,1,2,0,0
1243,2024,2,47,4,3,154.5,64.8,27.13,123,87,159.0,110.0,3,888,2,1,0,0
1244,2024,1,61,3,4,170.8,62.2,21.32,116,69,139.0,91.0,3,888,1,1,0,0
1245,2024,2,61,4,2,159.0,77.8,30.77,150,78,248.0,111.0,2,888,2,2,0,1
1246,2024,1,63,1,1,161.3,53.6,20.58,99,64,,74.0,1,14,3,2,0,0
1247,2024,2,52,1,2,155.0,75.5,31.44,124,80,151.0,97.0,3,888,1,2,0,0
1248,2024,2,68,3,1,157.1,47.9,19.42,103,62,151.0,85.0,3,888,1,2,0,0
1249,2024,1,62,3,1,175.7,79.3,25.7,107,58,232.0,99.0,3,888,3,1,0,0
1250,2024,1,46,4,2,173.2,62.2,20.73,97,49,169.0,83.0,2,888,2,1,0,0
1251,2024,1,56,2,3,168.6,74.9,26.34,127,73,162.0,93.0,3,888,3,1,0,0
1252,2024,2,53,3,2,164.3,56.5,20.93,108,68,168.0,89.0,3,888,1,2,1,1
1253,2024,1,39,4,4,170.4,,,116,60,130.0,84.0,1,12,3,1,0,0
1254,2024,1,49,3,1,174.6,,,148,92,144.0,120.0,3,888,2,1,0,1
1255,2024,1,76,3,1,175.7,,,123,72,,86.0,3,888,2,1,1,1
1256,2024,2,40,3,1,150.3,62.1,27.52,91,61,170.0,93.0,3,888,2,1,0,0
1257,2024,1,71,3,2,162.3,59.0,22.4,133,69,184.0,104.0,3,888,2,1,0,0
1258,2024,2,68,3,3,160.3,62.8,24.42,123,69,159.0,77.0,3,888,1,1,1,1
1259,2024,2,69,2,1,158.3,63.6,25.35,125,80,202.0,111.0,2,888,1,2,0,0
1260,2024,2,54,3,4,154.5,52.0,21.77,123,69,218.0,79.0,3,888,2,1,0,0
1261,2024,2,29,3,2,158.6,55.1,21.9,91,74,157.0,79.0,3,888,1,1,0,0
1262,2024,1,44,9,4,167.0,71.4,25.61,102,67,150.0,86.0,3,888,2,2,0,0
1263,2024,1,43,2,1,166.5,,,130,85,177.0,114.0,2,888,1,1,0,0
1264,2024,1,65,4,2,173.1,69.7,23.27,999,999,167.0,96.0,3,888,3,2,0,0
1265,2024,2,75,1,9,159.3,57.3,22.59,155,78,204.0,84.0,1,20,2,2,1,1
1266,2024,1,89,2,1,172.4,73.6,24.79,121,81,134.0,90.0,2,888,3,2,0,0
1267,2024,2,71,4,3,146.7,62.1,28.85,134,87,192.0,119.0,1,11,2,1,0,0
1268,2024,1,75,1,1,167.9,77.4,27.44,128,75,,109.0,3,888,1,1,0,0
1269,2024,2,51,3,9,160.6,56.4,21.87,123,82,120.0,,3,888,2,1,0,0
1270,2024,2,77,2,3,153.8,,,142,90,189.0,110.0,2,888,1,2,1,1
1271,2024,2,46,1,2,161.5,51.3,19.67,110,76,186.0,71.0,3,888,2,2,0,0
1272,2024,2,67,3,3,157.9,50.8,20.36,127,91,,84.0,3,888,2,2,1,1
1273,2024,2,58,4,4,159.6,62.9,24.69,81,59,212.0,94.0,3,888,2,2,0,0
1274,2024,2,53,2,2,160.1,78.7,30.72,115,65,198.0,114.0,3,888,3,2,0,0
1275,2024,1,51,3,4,174.2,70.1,23.1,115,72,143.0,88.0,1,7,3,1,0,0
1276,2024,1,53,2,1,171.8,,,113,58,,104.0,3,888,3,2,0,0
1277,2024,2,74,4,4,161.7,66.4,25.39,127,84,226.0,104.0,2,888,2,1,0,0
1278,2024,1,82,3,1,170.5,81.4,28.0,999,999,196.0,72.0,2,888,1,1,0,0
1279,2024,2,55,1,1,168.5,66.9,23.56,87,54,225.0,88.0,2,888,1,1,0,0
1280,2024,2,60,2,3,147.9,66.9,30.59,140,75,131.0,114.0,3,888,1,1,0,1
1281,2024,2,47,3,3,168.4,66.4,23.42,139,80,233.0,74.0,1,5,2,1,0,0
1282,2024,2,49,3,1,158.4,61.2,24.41,114,66,159.0,94.0,2,888,2,1,1,1
1283,2024,2,54,3,4,158.9,,,124,72,164.0,98.0,3,888,2,1,0,0
1284,2024,1,56,3,1,170.4,60.5,20.85,86,58,151.0,68.0,3,888,3,2,0,0
1285,2024,1,86,3,1,169.5,,,128,76,163.0,119.0,3,888,3,1,1,1
1286,2024,2,44,1,9,156.1,75.8,31.1,129,62,,105.0,2,888,3,1,0,0
1287,2024,1,43,2,2,158.5,53.3,21.21,121,61,233.0,105.0,1,16,3,1,0,0
1288,2024,2,56,3,1,153.9,63.3,26.71,140,80,170.0,84.0,1,20,1,1,1,1
1289,2024,1,60,3,1,174.6,59.4,19.5,121,67,192.0,82.0,3,888,3,2,0,0
1290,2024,1,61,9,1,176.4,63.9,20.52,132,76,151.0,90.0,3,888,2,2,1,1
1291,2024,2,28,2,4,161.8,,,131,77,160.0,91.0,3,888,3,1,0,0
1292,2024,2,55,3,2,153.8,50.0,21.14,123,66,197.0,124.0,2,888,1,2,1,1
1293,2024,1,64,3,4,172.9,84.6,28.31,128,79,188.0,91.0,3,888,1,1,0,0
1294,2024,2,46,2,4,159.3,,,118,67,170.0,84.0,3,888,2,1,0,0
1295,2024,2,49,3,3,155.9,54.9,22.59,104,56,167.0,78.0,3,888,2,1,0,0
1296,2024,2,51,4,3,160.6,,,118,76,,89.0,3,888,2,1,0,0
1297,2024,1,67,4,2,177.8,80.7,25.51,154,77,228.0,94.0,1,999,1,1,0,1
1298,2024,1,48,2,1,174.7,72.3,23.68,142,85,185.0,,3,888,2,1,0,1
1299,2024,2,68,2,2,160.3,,,114,77,166.0,76.0,3,888,3,2,1,1
1300,2024,2,49,3,3,159.5,,,114,76,145.0,,3,888,2,1,0,0
1301,2024,2,66,2,1,161.9,55.6,21.23,999,999,197.0,,1,11,3,2,1,1
1302,2024,2,37,3,1,151.5,,,124,74,184.0,,1,18,2,1,0,0
1303,2024,2,63,4,2,155.3,58.3,24.16,107,73,145.0,64.0,3,888,2,1,0,0
1304,2024,1,41,9,2,171.7,,,112,57,149.0,66.0,3,888,3,1,0,0
1305,2024,2,44,4,2,159.2,80.8,31.89,153,75,214.0,88.0,1,20,3,1,1,1
1306,2024,1,45,2,4,177.7,70.8,22.42,98,57,186.0,94.0,2,888,1,1,0,0
1307,2024,2,60,2,2,163.1,77.4,29.09,134,77,176.0,108.0,3,888,2,1,0,0
1308,2024,1,67,2,2,162.9,76.4,28.77,138,78,,89.0,3,888,3,1,0,0
1309,2024,1,64,4,4,163.3,68.6,25.75,136,76,186.0,91.0,1,20,3,1,0,0
1310,2024,2,57,4,4,159.0,71.1,28.13,120,79,188.0,98.0,3,888,3,1,0,0
1311,2024,2,74,3,9,150.6,66.4,29.28,129,72,153.0,129.0,2,888,2,2,0,0
1312,2024,1,66,3,4,155.7,73.2,30.18,134,88,208.0,99.0,2,888,1,1,0,0
1313,2024,1,51,2,1,175.5,69.6,22.61,99,68,155.0,,3,888,1,1,0,0
1314,2024,1,43,3,2,178.2,80.4,25.32,95,67,178.0,,9,999,1,1,0,0
1315,2024,2,67,2,4,157.3,66.6,26.92,135,73,158.0,111.0,3,888,2,1,0,0
1316,2024,2,89,2,4,157.0,69.9,28.36,131,71,,112.0,2,888,2,2,1,1
1317,2024,2,50,4,3,166.6,64.3,23.17,86,60,159.0,102.0,2,888,3,2,0,0
1318,2024,1,32,1,1,177.7,58.1,18.41,93,60,131.0,,3,888,2,1,0,0
1319,2024,2,57,3,3,157.1,,,118,69,108.0,67.0,3,888,3,2,0,0
1320,2024,1,42,3,4,157.1,59.9,24.27,137,73,,111.0,1,17,3,2,0,0
1321,2024,9,37,3,4,168.8,62.5,21.95,123,74,148.0,109.0,2,888,2,2,0,0
1322,2024,1,62,4,1,174.1,42.9,14.14,121,69,100.0,107.0,3,888,1,1,0,0
1323,2024,2,50,3,1,164.8,,,117,72,171.0,82.0,3,888,2,2,0,0
1324,2024,1,69,4,4,174.1,76.9,25.35,999,999,,84.0,3,888,2,1,0,1
1325,2024,1,56,3,3,172.0,54.8,18.52,999,999,117.0,127.0,3,888,3,1,0,0
1326,2024,1,58,2,2,176.6,46.7,14.98,89,62,139.0,102.0,3,888,1,2,0,0
1327,2024,2,52,4,4,163.5,54.9,20.52,118,59,186.0,79.0,3,888,3,1,0,0
1328,2024,2,75,2,1,167.6,,,128,68,213.0,93.0,3,888,3,1,0,0
1329,2024,1,40,2,1,171.3,62.7,21.38,118,69,121.0,80.0,1,13,1,2,0,0
1330,2024,9,73,1,2,159.2,63.4,25.02,115,62,157.0,,1,8,2,1,0,0
1331,2024,1,55,1,3,174.1,,,123,61,165.0,,9,999,2,1,0,0
1332,2024,2,73,4,3,162.6,62.9,23.78,116,76,125.0,99.0,3,888,2,1,0,0
1333,2024,2,46,3,4,153.8,58.7,24.81,126,70,142.0,78.0,3,888,1,2,0,0
1334,2024,2,60,2,4,168.9,55.0,19.27,999,999,187.0,111.0,1,12,2,1,0,0
1335,2024,1,70,4,3,170.4,,,135,63,193.0,129.0,3,888,2,2,0,0
1336,2024,1,48,3,3,182.5,83.6,25.1,105,72,176.0,119.0,3,888,2,2,0,0
1337,2024,1,54,3,4,170.1,59.3,20.5,101,69,163.0,64.0,3,888,2,2,0,0
1338,2024,9,89,3,4,159.8,55.7,21.83,129,64,116.0,85.0,3,888,3,1,1,1
1339,2024,2,53,2,1,155.4,,,133,69,180.0,78.0,3,888,1,1,0,0
1340,2024,1,47,1,2,159.9,,,111,73,156.0,74.0,1,18,3,2,0,0
1341,2024,1,77,4,1,170.0,65.6,22.69,124,82,157.0,112.0,3,888,3,1,0,0
1342,2024,2,56,3,1,155.7,61.2,25.27,107,77,223.0,128.0,2,888,1,2,0,0
1343,2024,2,58,4,3,156.9,55.7,22.66,119,67,200.0,94.0,2,888,2,2,0,0
1344,2024,2,58,3,4,163.2,87.5,32.88,127,72,225.0,,3,888,2,2,0,0
1345,2024,2,44,2,1,157.4,,,111,69,117.0,83.0,2,888,1,2,0,0
1346,2024,2,53,3,3,157.9,56.2,22.55,99,64,135.0,103.0,3,888,3,2,0,0
1347,2024,1,59,4,3,169.3,68.7,23.97,124,76,,42.0,3,888,2,1,0,0
1348,2024,1,89,1,1,165.0,80.8,29.7,152,81,181.0,109.0,3,888,3,1,0,1
1349,2024,2,38,1,3,168.5,67.8,23.88,117,85,217.0,,3,888,1,1,0,0
1350,2024,1,61,4,4,163.5,69.1,25.84,121,60,186.0,80.0,3,888,2,2,1,1
1351,2024,1,73,2,2,186.9,65.3,18.68,118,78,,82.0,2,888,3,1,0,0
1352,2024,2,70,2,1,160.2,76.2,29.67,999,999,145.0,89.0,3,888,2,1,0,0
1353,2024,2,51,2,3,153.1,63.7,27.2,103,66,190.0,108.0,2,888,1,1,0,0
1354,2024,2,71,3,2,160.4,,,123,84,153.0,87.0,2,888,2,1,0,0
1355,2024,1,48,3,3,165.6,69.1,25.2,131,72,,86.0,1,18,2,2,0,0
1356,2024,1,36,1,1,181.5,,,108,72,148.0,75.0,3,888,2,2,0,0
1357,2024,2,51,3,2,155.1,70.3,29.23,999,999,131.0,113.0,3,888,2,1,1,1
1358,2024,1,62,1,2,173.9,,,136,78,129.0,96.0,3,888,2,1,0,0
1359,2024,1,51,2,2,170.2,53.1,18.33,127,71,150.0,79.0,3,888,1,2,0,0
1360,2024,1,47,4,3,160.3,57.9,22.53,112,62,151.0,89.0,3,888,1,1,0,0
1361,2024,2,89,3,2,162.2,,,157,98,194.0,115.0,2,888,2,1,0,1
1362,2024,2,36,2,2,145.6,51.8,24.43,88,68,,,3,888,3,1,0,0
1363,2024,2,51,4,1,144.2,43.1,20.71,106,73,208.0,92.0,3,888,2,2,0,0
1364,2024,1,39,4,2,172.8,64.1,21.47,85,62,150.0,126.0,3,888,3,1,0,0
1365,2024,1,37,1,1,171.7,65.3,22.15,999,999,208.0,,1,11,2,1,0,0
1366,2024,1,51,4,2,172.2,56.4,19.01,91,67,120.0,95.0,3,888,2,1,0,0
1367,2024,1,73,4,3,177.3,69.8,22.21,125,74,201.0,103.0,3,888,2,1,1,1
1368,2024,1,53,1,2,170.6,51.1,17.55,124,79,,84.0,3,888,3,1,0,0
1369,2024,2,46,3,2,164.4,69.5,25.7,111,60,,60.0,3,888,2,1,0,0
1370,2024,1,66,2,2,175.5,70.1,22.78,104,73,178.0,97.0,3,888,2,1,0,0
1371,2024,1,37,1,1,173.5,,,108,70,177.0,,3,888,2,1,0,0
1372,2024,1,59,3,3,166.8,61.9,22.25,127,77,162.0,119.0,1,17,2,2,0,0
1373,2024,2,73,2,2,157.4,72.1,29.1,124,73,170.0,106.0,3,888,3,2,0,0
1374,2024,2,52,4,4,151.4,72.6,31.68,140,88,,120.0,3,888,3,1,0,0
1375,2024,2,58,2,1,167.2,70.2,25.09,999,999,189.0,77.0,3,888,2,1,0,0
1376,2024,2,45,3,2,155.3,74.5,30.9,100,54,165.0,109.0,3,888,2,1,0,0
1377,2024,1,46,4,9,168.2,87.0,30.74,116,70,192.0,89.0,1,12,1,2,0,0
1378,2024,2,47,4,4,167.6,51.3,18.24,122,74,214.0,74.0,2,888,1,1,0,0
1379,2024,2,34,3,4,157.5,,,135,77,156.0,89.0,2,888,1,2,0,0
1380,2024,2,39,4,3,158.8,,,110,71,150.0,74.0,1,14,1,2,0,0
1381,2024,2,31,2,2,152.3,48.4,20.84,108,71,145.0,124.0,3,888,3,2,0,0
1382,2024,2,58,1,3,154.5,52.7,22.05,123,77,181.0,96.0,2,888,3,2,0,0
1383,2024,1,48,4,2,170.1,50.0,17.29,114,74,204.0,86.0,2,888,2,2,1,1
1384,2024,1,34,4,4,170.0,78.1,27.03,126,72,207.0,88.0,3,888,2,2,0,0
1385,2024,2,43,3,4,161.0,80.4,31.03,130,75,200.0,63.0,2,888,1,1,0,0
1386,2024,2,19,1,2,149.6,40.8,18.24,114,70,167.0,70.0,3,888,1,1,0,0
1387,2024,1,36,4,3,175.6,,,106,70,136.0,85.0,2,888,3,1,0,0
1388,2024,1,72,4,3,174.6,61.2,20.06,142,78,164.0,111.0,1,14,1,2,1,1
1389,2024,2,57,3,2,159.9,52.7,20.61,88,66,124.0,67.0,3,888,2,2,0,0
1390,2024,1,62,3,2,172.6,,,133,70,172.0,84.0,2,888,3,1,0,0
1391,2024,2,55,3,3,160.7,60.7,23.49,129,74,194.0,79.0,3,888,2,1,0,0
1392,2024,1,75,1,1,167.2,69.8,24.97,999,999,201.0,86.0,3,888,1,2,0,0
1393,2024,2,52,3,1,156.6,60.9,24.81,84,63,113.0,103.0,3,888,3,2,0,0
1394,2024,2,73,2,1,162.3,74.5,28.28,133,81,144.0,74.0,3,888,3,2,0,0
1395,2024,1,28,4,4,160.8,59.1,22.84,111,64,161.0,82.0,3,888,2,2,0,0
1396,2024,1,52,4,4,177.7,64.2,20.33,109,59,133.0,55.0,2,888,3,1,0,0
1397,2024,1,55,3,3,163.0,72.4,27.24,137,85,142.0,105.0,3,888,1,1,0,0
1398,2024,2,47,2,3,155.9,52.5,21.58,101,63,,62.0,3,888,3,1,0,0
1399,2024,1,27,4,4,172.2,73.7,24.86,92,57,206.0,87.0,2,888,1,1,0,0
1400,2024,2,62,2,1,158.9,60.9,24.11,111,63,232.0,107.0,3,888,1,1,0,0
1401,2024,2,52,1,4,163.5,62.5,23.39,121,51,132.0,68.0,3,888,1,2,0,0
1402,2024,1,33,2,4,167.8,53.4,18.95,95,64,140.0,94.0,3,888,1,1,0,0
1403,2024,2,19,1,3,158.1,66.5,26.59,116,71,150.0,66.0,3,888,2,1,0,0
1404,2024,2,34,2,2,155.5,57.4,23.74,128,82,133.0,98.0,3,888,2,1,0,0
1405,2024,1,49,4,3,164.3,59.2,21.92,118,69,143.0,79.0,1,28,2,1,0,0
1406,2024,2,26,1,3,156.3,54.8,22.42,92,58,,,3,888,3,1,0,0
1407,2024,1,43,3,3,175.8,57.9,18.75,114,70,160.0,86.0,3,888,2,2,0,0
1408,2024,1,42,4,4,160.9,59.3,22.92,96,68,160.0,123.0,3,888,2,2,0,0
1409,2024,1,74,1,1,175.7,74.4,24.1,104,69,182.0,104.0,3,888,2,1,0,0
1410,2024,1,66,3,4,171.4,,,113,69,167.0,106.0,3,888,1,1,0,0
1411,2024,1,48,4,3,178.2,,,122,61,122.0,71.0,3,888,3,1,0,0
1412,2024,2,37,2,9,156.4,51.4,21.0,98,59,147.0,68.0,2,888,1,1,1,1
1413,2024,2,64,4,3,155.6,46.8,19.31,123,67,168.0,74.0,3,888,1,2,0,0
1414,2024,2,58,1,2,151.6,39.3,17.08,999,999,154.0,87.0,3,888,1,1,0,0
1415,2024,2,58,4,4,156.7,61.3,24.96,146,89,156.0,111.0,3,888,1,1,0,1
1416,2024,2,55,1,1,158.7,54.0,21.45,94,58,156.0,119.0,3,888,3,2,0,0
1417,2024,1,64,2,1,168.7,64.8,22.76,147,85,212.0,93.0,3,888,1,2,0,1
1418,2024,2,30,2,4,151.0,57.6,25.28,84,57,158.0,99.0,2,888,3,2,0,0
1419,2024,1,76,3,1,174.7,71.7,23.47,133,87,,78.0,3,888,3,1,1,1
1420,2024,1,26,4,4,178.4,63.6,19.98,105,68,167.0,85.0,2,888,3,2,0,0
1421,2024,2,23,4,3,156.2,54.4,22.29,82,63,187.0,100.0,3,888,1,2,0,0
1422,2024,1,62,4,4,181.9,70.2,21.22,127,69,173.0,93.0,3,888,2,1,1,1
1423,2024,1,52,3,3,167.3,52.5,18.76,129,62,142.0,83.0,1,15,1,1,0,0
1424,2024,2,19,3,4,163.1,72.6,27.29,118,76,183.0,81.0,1,14,3,2,0,0
1425,2024,2,50,4,2,161.0,73.5,28.36,106,73,207.0,93.0,3,888,2,1,0,0
1426,2024,1,36,4,1,177.9,80.5,25.44,132,84,239.0,99.0,3,888,2,1,0,0
1427,2024,1,46,1,4,173.0,74.2,24.79,109,66,202.0,108.0,3,888,1,1,0,0
1428,2024,2,68,4,2,157.8,,,119,76,189.0,120.0,3,888,1,1,0,0
1429,2024,2,29,3,3,161.1,45.4,17.51,88,56,212.0,113.0,2,888,2,1,0,0
1430,2024,1,23,1,1,171.5,62.6,21.29,82,52,,85.0,1,17,1,1,0,0
1431,2024,1,63,3,4,163.7,65.4,24.39,89,57,164.0,118.0,1,999,3,1,0,0
1432,2024,2,48,3,1,152.7,61.7,26.45,123,83,145.0,112.0,9,999,2,2,0,0
1433,2024,1,62,4,4,166.3,59.4,21.49,126,72,198.0,98.0,1,18,1,2,0,0
1434,2024,1,74,2,3,183.5,,,130,73,145.0,92.0,3,888,1,2,0,0
1435,2024,2,56,1,1,161.9,72.4,27.6,114,74,,,3,888,1,1,0,0
1436,2024,1,84,2,9,175.8,64.1,20.74,114,74,174.0,102.0,3,888,2,2,0,0
1437,2024,1,29,9,2,167.6,62.7,22.31,113,66,156.0,101.0,3,888,2,2,0,0
1438,2024,1,49,3,4,176.6,52.9,16.96,999,999,161.0,78.0,2,888,1,1,0,0
1439,2024,1,55,4,4,172.2,60.6,20.44,117,74,171.0,100.0,3,888,2,1,0,0
1440,2024,2,71,2,2,157.7,52.8,21.23,123,61,212.0,91.0,3,888,3,2,0,0
1441,2024,1,38,2,2,163.3,73.1,27.4,122,65,146.0,109.0,1,15,3,2,0,0
1442,2024,1,58,1,2,171.6,74.8,25.41,121,87,202.0,,3,888,2,1,0,0
1443,2024,2,57,4,4,164.3,68.1,25.21,135,82,210.0,94.0,3,888,1,1,1,1
1444,2024,2,89,3,2,163.9,78.3,29.13,149,97,192.0,130.0,3,888,3,1,1,1
1445,2024,1,57,1,1,158.3,73.4,29.29,136,73,,108.0,1,20,1,1,0,0
1446,2024,1,42,3,4,168.3,68.4,24.15,107,64,160.0,90.0,3,888,2,1,0,0
1447,2024,2,75,4,4,158.1,79.5,31.8,133,66,170.0,115.0,3,888,1,2,0,0
1448,2024,1,31,4,4,167.6,63.4,22.54,137,90,144.0,118.0,1,14,1,2,0,0
1449,2024,2,62,9,1,144.1,66.6,32.05,123,71,136.0,107.0,3,888,2,1,0,0
1450,2024,2,25,3,4,157.0,68.1,27.62,124,77,154.0,92.0,3,888,3,2,0,0
1451,2024,2,53,2,2,156.8,54.7,22.24,141,85,172.0,,2,888,1,1,0,1
1452,2024,2,63,2,1,161.2,76.6,29.47,124,61,104.0,101.0,3,888,1,2,0,0
1453,2024,2,71,3,1,158.0,55.2,22.11,110,68,152.0,76.0,3,888,2,2,0,0
1454,2024,2,64,2,1,155.2,49.6,20.58,125,73,246.0,115.0,2,888,1,1,0,0
1455,2024,1,46,3,3,172.8,67.7,22.67,132,81,186.0,66.0,1,17,1,1,0,0
1456,2024,2,64,3,3,149.8,47.3,21.07,116,67,168.0,78.0,3,888,3,1,0,0
1457,2024,1,58,3,2,169.2,59.5,20.81,141,67,170.0,106.0,3,888,1,2,0,1
1458,2024,2,51,3,2,150.4,56.9,25.16,114,66,190.0,74.0,3,888,1,1,0,0
1459,2024,2,70,4,2,163.8,58.4,21.77,136,78,181.0,122.0,3,888,3,1,1,1
1460,2024,2,46,1,2,157.1,,,102,79,,110.0,2,888,2,1,0,0
1461,2024,1,64,2,1,174.5,76.7,25.19,125,79,130.0,96.0,3,888,3,2,0,0
1462,2024,2,79,4,4,155.8,68.9,28.41,131,73,168.0,92.0,2,888,2,1,0,0
1463,2024,1,27,4,4,166.5,,,100,69,157.0,93.0,3,888,1,1,0,0
1464,2024,2,40,3,1,150.9,78.8,34.61,116,65,150.0,91.0,2,888,1,1,0,0
1465,2024,1,70,4,2,165.3,77.3,28.26,152,84,200.0,116.0,2,888,2,2,0,1
1466,2024,1,30,2,3,163.7,67.7,25.26,84,57,185.0,72.0,3,888,2,2,0,0
1467,2024,1,56,2,2,170.5,68.7,23.63,137,73,,105.0,1,13,1,1,0,0
1468,2024,2,57,3,4,152.7,75.9,32.56,118,74,165.0,109.0,3,888,3,1,0,0
1469,2024,2,72,3,9,163.7,64.4,24.03,119,76,163.0,102.0,3,888,1,2,0,0
1470,2024,1,48,1,3,170.9,60.1,20.57,122,71,167.0,76.0,2,888,1,1,0,0
1471,2024,2,64,2,2,158.2,60.4,24.14,119,75,147.0,,2,888,3,1,0,0
1472,2024,1,47,1,2,167.3,61.4,21.92,117,73,176.0,97.0,1,24,3,2,0,0
1473,2024,1,60,1,1,175.8,67.3,21.79,109,71,147.0,114.0,1,10,2,2,1,1
1474,2024,2,71,1,1,165.5,80.2,29.26,113,62,134.0,,9,999,3,1,0,0
1475,2024,1,35,3,3,167.5,71.8,25.62,123,69,147.0,92.0,3,888,2,2,1,1
1476,2024,1,52,4,4,177.2,55.6,17.68,999,999,,98.0,1,8,1,1,0,0
1477,2024,1,43,3,4,175.8,63.6,20.57,109,64,161.0,75.0,3,888,3,2,0,0
1478,2024,1,47,3,3,173.3,64.0,21.3,103,67,112.0,75.0,3,888,1,1,0,0
1479,2024,2,53,2,1,160.1,70.8,27.65,113,68,179.0,93.0,3,888,1,2,0,0
1480,2024,2,59,1,1,150.2,52.0,23.04,99,69,,84.0,3,888,1,2,0,0
1481,2024,2,67,2,9,164.2,61.2,22.71,117,71,,84.0,3,888,2,1,1,1
1482,2024,2,59,2,2,160.7,74.2,28.76,128,69,178.0,91.0,3,888,2,2,0,0
1483,2024,1,75,3,4,172.6,72.2,24.23,142,89,191.0,96.0,3,888,2,1,1,1
1484,2024,2,70,4,4,154.5,,,130,77,226.0,87.0,1,15,2,1,0,0
1485,2024,1,52,1,2,171.1,61.1,20.86,116,69,,,3,888,3,1,0,0
1486,2024,9,59,4,3,163.4,,,89,54,168.0,128.0,2,888,2,2,0,0
1487,2024,1,30,1,4,166.3,70.9,25.62,125,83,198.0,96.0,3,888,2,1,0,0
1488,2024,2,67,4,1,155.0,75.9,31.6,136,72,234.0,73.0,3,888,1,1,1,1
1489,2024,2,41,4,3,155.8,57.7,23.77,117,63,173.0,76.0,3,888,1,2,0,0
1490,2024,1,44,3,3,168.6,68.9,24.26,100,72,186.0,84.0,3,888,1,2,0,0
1491,2024,2,51,2,1,162.8,54.0,20.37,105,68,153.0,71.0,3,888,1,1,0,0
1492,2024,2,43,1,1,151.4,79.0,34.43,999,999,184.0,,2,888,2,1,0,0
1493,2024,1,57,3,3,168.8,69.9,24.54,128,71,173.0,104.0,3,888,1,2,0,0
1494,2024,1,60,3,9,176.6,78.2,25.08,999,999,154.0,110.0,3,888,3,2,0,1
1495,2024,2,55,2,2,153.1,53.8,22.93,108,65,224.0,84.0,3,888,2,1,0,0
1496,2024,2,64,2,4,148.7,67.3,30.41,150,81,191.0,108.0,3,888,3,1,0,1
1497,2024,2,61,1,1,159.8,81.1,31.74,122,62,210.0,90.0,3,888,1,2,0,0
1498,2024,2,59,2,3,153.2,,,140,104,211.0,104.0,3,888,1,2,0,1
1499,2024,1,60,2,3,173.1,,,130,78,196.0,66.0,3,888,3,2,0,0
1500,2024,2,44,2,1,157.7,75.4,30.31,117,64,185.0,,3,888,2,1,0,0
1501,2024,1,41,4,3,176.4,68.0,21.85,94,52,185.0,82.0,3,888,1,2,0,0
1502,2024,2,74,3,3,163.9,73.9,27.52,116,61,219.0,90.0,3,888,2,2,0,0
1503,2024,1,79,2,1,160.1,58.5,22.84,140,88,165.0,,2,888,1,2,1,1
1504,2024,2,58,3,4,147.1,61.0,28.19,144,84,,109.0,1,999,3,2,0,1
1505,2024,2,71,3,4,156.4,,,119,71,210.0,137.0,2,888,2,2,1,1
1506,2024,2,49,1,9,158.4,58.4,23.28,106,70,192.0,71.0,1,19,2,1,0,0
1507,2024,1,49,4,2,167.3,60.2,21.49,121,72,168.0,88.0,3,888,1,1,0,0
1508,2024,9,89,2,1,177.0,59.3,18.91,999,999,221.0,72.0,3,888,1,1,0,0
1509,2024,2,32,1,4,145.2,68.7,32.6,113,75,173.0,79.0,3,888,2,2,0,0
1510,2024,2,47,4,2,154.5,36.0,15.09,94,67,126.0,79.0,3,888,2,2,0,0
1511,2024,2,35,2,1,156.5,54.3,22.16,105,59,229.0,101.0,2,888,3,2,0,0
1512,2024,2,55,2,3,148.3,49.0,22.27,113,81,193.0,92.0,2,888,2,2,0,0
1513,2024,1,45,4,3,175.9,77.7,25.1,133,81,220.0,105.0,1,10,2,2,0,0
1514,2024,2,64,2,2,160.4,64.7,25.17,103,75,191.0,92.0,3,888,3,2,0,0
1515,2024,1,52,1,2,176.3,67.1,21.57,112,65,181.0,75.0,3,888,2,2,0,0
1516,2024,2,56,1,2,161.2,,,122,67,161.0,49.0,3,888,1,2,0,0
1517,2024,2,65,2,3,157.5,66.6,26.86,131,74,170.0,88.0,2,888,1,1,0,0
1518,2024,1,44,2,4,169.6,,,106,62,229.0,90.0,3,888,2,1,0,0
1519,2024,1,76,3,1,172.3,76.7,25.83,999,999,,109.0,3,888,3,2,0,0
1520,2024,2,67,2,9,156.7,62.1,25.28,156,95,148.0,74.0,3,888,1,1,0,1
1521,2024,1,35,1,2,168.9,63.5,22.27,83,50,137.0,85.0,1,16,1,2,0,0
1522,2024,1,73,4,4,180.9,88.4,27.03,116,78,178.0,118.0,1,7,1,2,0,0
1523,2024,1,44,1,4,174.1,,,125,74,137.0,89.0,1,14,1,2,0,0
1524,2024,2,46,3,4,157.2,62.7,25.36,132,80,189.0,103.0,9,999,3,2,0,0
1525,2024,2,33,2,3,151.3,,,115,70,199.0,91.0,1,18,2,2,0,0
1526,2024,1,31,3,2,173.2,67.8,22.6,108,78,,86.0,2,888,1,1,0,0
1527,2024,2,61,1,4,161.2,72.1,27.73,999,999,190.0,111.0,3,888,2,1,0,1
1528,2024,1,31,3,3,173.6,,,124,72,208.0,106.0,3,888,2,1,0,0
1529,2024,2,68,4,4,166.1,63.5,23.02,126,80,208.0,106.0,3,888,3,1,0,0
1530,2024,2,73,1,9,158.2,71.2,28.47,153,80,144.0,83.0,3,888,3,2,1,1
1531,2024,2,77,3,9,149.7,58.2,25.96,999,999,205.0,105.0,3,888,2,1,0,0
1532,2024,1,47,1,2,167.7,75.3,26.78,113,79,144.0,67.0,1,4,3,1,0,0
1533,2024,2,38,3,4,157.4,49.9,20.15,91,67,175.0,123.0,3,888,1,1,0,0
1534,2024,1,58,2,1,176.4,85.5,27.48,999,999,176.0,95.0,1,16,1,1,0,0
1535,2024,1,63,2,1,169.8,62.0,21.49,999,999,186.0,112.0,9,999,2,1,0,0
1536,2024,2,47,3,1,161.7,,,147,76,169.0,92.0,1,10,2,1,0,1
1537,2024,1,21,1,3,164.9,59.0,21.7,115,80,172.0,85.0,3,888,1,2,0,0
1538,2024,2,49,3,4,155.0,51.8,21.57,104,59,183.0,87.0,3,888,2,1,0,0
1539,2024,1,46,1,1,165.1,65.2,23.94,102,65,195.0,73.0,3,888,2,1,0,0
1540,2024,2,39,1,3,161.1,66.6,25.65,98,58,191.0,88.0,3,888,1,1,0,0
1541,2024,1,65,2,1,175.8,76.1,24.63,138,84,210.0,103.0,3,888,2,1,0,0
1542,2024,1,57,4,4,183.2,,,999,999,204.0,82.0,3,888,3,1,0,0
1543,2024,2,52,4,4,158.6,52.9,21.03,113,74,174.0,94.0,3,888,3,1,0,0
1544,2024,2,44,1,1,166.2,56.2,20.37,88,69,161.0,,2,888,1,1,0,0
1545,2024,1,38,1,2,180.6,67.7,20.76,95,64,197.0,108.0,1,8,1,1,0,0
1546,2024,1,37,1,1,167.7,73.5,26.14,106,66,169.0,104.0,1,10,3,1,0,0
1547,2024,2,30,3,4,163.8,56.9,21.2,84,52,209.0,75.0,2,888,2,2,0,0
1548,2024,1,42,4,3,173.3,75.6,25.18,132,78,173.0,70.0,1,20,2,1,0,0
1549,2024,2,29,3,2,153.4,50.7,21.54,125,87,150.0,95.0,1,19,3,1,0,0
1550,2024,1,41,4,3,167.0,61.9,22.2,128,73,210.0,64.0,3,888,3,1,0,0
1551,2024,1,37,3,3,170.2,50.8,17.54,125,67,102.0,89.0,3,888,3,2,1,1
1552,2024,2,58,4,2,152.9,67.0,28.67,127,77,163.0,93.0,3,888,2,1,0,0
1553,2024,1,57,3,2,159.5,68.4,26.88,142,75,177.0,77.0,2,888,2,1,0,1
1554,2024,1,60,4,1,174.4,78.6,25.85,999,999,154.0,71.0,3,888,3,1,0,0
1555,2024,1,40,2,4,172.4,73.5,24.74,92,70,184.0,95.0,3,888,1,1,0,0
1556,2024,2,60,1,2,154.3,60.9,25.58,117,78,174.0,110.0,3,888,2,2,0,0
1557,2024,1,58,1,3,174.8,76.1,24.89,131,74,185.0,96.0,2,888,1,1,0,0
1558,2024,1,32,3,4,168.8,68.1,23.9,97,61,,86.0,2,888,1,2,0,0
1559,2024,1,78,3,9,175.7,,,125,76,226.0,,1,15,3,1,0,0
1560,2024,1,65,4,4,171.6,,,120,70,168.0,110.0,3,888,2,2,0,0
1561,2024,1,76,2,2,176.1,67.7,21.82,999,999,,76.0,3,888,1,2,0,0
1562,2024,1,41,3,2,160.6,70.8,27.42,100,70,153.0,119.0,3,888,3,1,0,0
1563,2024,1,35,3,3,165.6,51.9,18.92,108,71,127.0,82.0,1,21,2,1,0,0
1564,2024,1,34,4,4,180.8,,,115,61,191.0,72.0,3,888,1,1,0,0
1565,2024,1,81,2,9,169.2,66.0,23.07,128,68,184.0,,1,15,2,2,0,0
1566,2024,1,50,1,4,177.3,,,149,85,186.0,85.0,3,888,3,2,1,1
1567,2024,1,56,2,3,183.9,86.4,25.55,109,61,174.0,106.0,3,888,2,1,0,0
1568,2024,2,44,1,3,159.5,,,92,60,192.0,83.0,3,888,1,2,0,0
1569,2024,1,56,2,1,186.1,63.4,18.3,999,999,176.0,,2,888,3,1,0,0
1570,2024,2,38,3,1,163.6,54.1,20.2,112,75,191.0,86.0,1,999,3,1,0,0
1571,2024,2,89,3,2,145.0,72.8,34.61,999,999,245.0,80.0,3,888,2,1,1,1
1572,2024,1,77,2,4,164.8,,,128,77,174.0,96.0,3,888,3,2,0,0
1573,2024,1,30,4,2,168.9,60.2,21.08,97,73,189.0,90.0,2,888,2,1,0,0
1574,2024,2,64,3,3,157.2,,,110,67,207.0,121.0,3,888,1,2,0,0
1575,2024,1,44,4,4,172.3,72.6,24.44,125,65,153.0,71.0,3,888,2,2,0,0
1576,2024,1,20,1,3,170.6,67.4,23.16,95,62,162.0,77.0,3,888,2,1,0,0
1577,2024,2,44,4,4,155.6,50.9,21.02,120,65,132.0,67.0,3,888,1,1,0,0
1578,2024,1,68,3,3,184.3,80.5,23.71,109,66,183.0,97.0,3,888,2,2,0,0
1579,2024,1,74,3,4,179.2,68.3,21.26,143,75,143.0,82.0,1,15,2,1,1,1
1580,2024,2,46,2,3,148.7,73.3,33.17,113,69,200.0,77.0,2,888,1,2,0,0
1581,2024,2,60,3,4,159.3,58.6,23.09,104,66,164.0,89.0,3,888,1,2,1,1
1582,2024,1,68,3,3,172.6,,,131,81,145.0,97.0,3,888,3,1,1,1
1583,2024,1,46,2,2,177.8,77.7,24.59,90,66,147.0,87.0,3,888,2,2,0,0
1584,2024,1,51,1,1,173.7,57.2,18.97,999,999,184.0,97.0,1,13,2,1,0,0
1585,2024,2,56,2,4,157.1,52.8,21.39,999,999,244.0,125.0,3,888,2,1,0,0
1586,2024,2,89,2,9,161.4,63.5,24.34,128,76,,81.0,3,888,1,1,0,0
1587,2024,2,46,2,9,155.9,56.1,23.09,91,62,154.0,43.0,3,888,1,1,0,0
1588,2024,2,19,4,3,166.4,56.3,20.34,112,48,141.0,68.0,3,888,3,1,0,0
1589,2024,2,53,9,2,165.6,67.7,24.69,135,80,146.0,85.0,3,888,2,2,0,0
1590,2024,1,53,1,9,170.3,70.7,24.36,106,75,235.0,42.0,1,20,3,2,0,0
1591,2024,2,30,3,4,160.8,54.2,20.96,108,74,196.0,,3,888,3,2,0,0
1592,2024,2,54,1,2,159.6,48.8,19.14,113,71,,71.0,2,888,2,2,0,0
1593,2024,2,42,4,4,154.2,57.0,23.98,97,67,167.0,88.0,1,10,2,1,0,0
1594,2024,2,84,2,1,157.6,70.7,28.45,999,999,231.0,123.0,1,1,3,1,0,1
1595,2024,1,45,2,4,171.1,,,130,62,97.0,71.0,3,888,2,2,0,0
1596,2024,2,79,3,1,155.4,78.9,32.66,165,88,162.0,135.0,3,888,3,1,1,1
1597,2024,1,54,2,1,184.1,,,109,63,220.0,105.0,3,888,2,2,0,0
1598,2024,1,72,2,3,166.5,68.1,24.54,999,999,144.0,,3,888,2,1,1,1
1599,2024,2,53,3,3,154.9,62.1,25.86,121,78,155.0,79.0,2,888,2,1,1,1
1600,2024,1,52,3,1,171.5,68.0,23.1,99,68,159.0,107.0,3,888,3,1,0,0
1601,2024,2,65,1,9,153.1,51.5,21.98,125,77,170.0,103.0,3,888,2,2,0,0
1602,2024,2,24,2,2,148.4,59.7,27.12,114,70,188.0,94.0,1,11,1,1,0,0
1603,2024,1,64,4,1,160.7,72.7,28.15,125,77,221.0,105.0,1,20,2,2,0,0
1604,2024,1,42,3,4,163.4,57.7,21.6,121,64,111.0,99.0,3,888,2,2,0,0
1605,2024,2,69,1,4,153.8,70.9,29.98,134,79,162.0,104.0,3,888,3,2,1,1
1606,2024,1,52,3,9,175.4,,,111,61,167.0,92.0,1,16,2,2,0,0
1607,2024,2,71,1,4,156.3,63.1,25.82,130,72,176.0,107.0,2,888,1,1,0,0
1608,2024,2,61,1,3,167.5,54.2,19.31,137,77,112.0,102.0,3,888,3,2,1,1
1609,2024,1,38,1,9,171.6,74.2,25.21,107,62,116.0,106.0,3,888,3,1,0,0
1610,2024,1,23,3,2,170.4,64.7,22.29,89,57,123.0,,1,12,2,1,0,0
1611,2024,2,19,1,1,152.8,41.1,17.6,91,51,158.0,66.0,1,5,2,2,0,0
1612,2024,2,58,3,3,161.9,68.4,26.12,122,73,166.0,77.0,2,888,2,2,0,0
1613,2024,2,25,1,2,169.1,68.8,24.04,104,80,197.0,98.0,1,8,3,2,0,0
1614,2024,2,39,3,4,162.1,40.9,15.58,120,79,153.0,73.0,9,999,2,2,0,0
1615,2024,1,26,2,1,167.6,,,84,46,196.0,89.0,3,888,1,1,0,0
1616,2024,2,64,4,2,162.4,76.8,29.11,108,64,166.0,125.0,3,888,2,2,0,0
1617,2024,2,73,1,1,145.3,65.5,31.04,125,77,,131.0,3,888,3,2,1,1
1618,2024,1,48,3,2,173.1,65.5,21.85,98,66,214.0,80.0,3,888,2,1,0,0
1619,2024,1,67,1,9,173.6,83.2,27.6,116,72,139.0,103.0,2,888,1,2,1,1
1620,2024,2,40,4,4,157.8,59.3,23.81,117,68,162.0,62.0,3,888,2,2,0,0
1621,2024,2,51,1,1,156.9,64.8,26.32,128,74,,70.0,3,888,3,1,0,0
1622,2024,1,46,3,4,176.3,65.3,21.0,109,64,195.0,59.0,3,888,1,2,0,0
1623,2024,1,26,4,4,162.7,66.1,24.95,117,76,123.0,90.0,3,888,2,2,0,0
1624,2024,1,63,4,4,164.4,51.4,19.0,124,75,169.0,85.0,3,888,1,1,0,0
1625,2024,2,42,4,2,151.6,53.7,23.37,105,73,186.0,82.0,3,888,1,2,0,0
1626,2024,2,66,1,3,156.0,65.5,26.92,105,61,164.0,,3,888,2,2,0,0
1627,2024,1,44,4,2,174.2,66.6,21.93,90,63,,79.0,1,11,2,1,0,0
1628,2024,1,35,4,3,167.3,74.4,26.56,112,82,150.0,97.0,3,888,2,2,0,0
1629,2024,2,69,2,2,151.3,60.3,26.34,150,77,174.0,,3,888,2,1,0,1
1630,2024,2,73,1,3,154.6,60.2,25.18,999,999,192.0,111.0,3,888,3,2,0,0
1631,2024,1,44,4,4,174.7,68.7,22.53,112,67,106.0,96.0,3,888,3,1,0,0
1632,2024,2,56,3,1,161.7,60.0,22.93,106,65,193.0,100.0,3,888,2,2,0,0
1633,2024,2,51,2,4,158.6,63.9,25.4,85,66,214.0,119.0,3,888,3,2,0,0
1634,2024,1,53,2,1,157.3,64.1,25.91,131,67,184.0,128.0,1,8,1,1,0,0
1635,2024,2,45,2,4,160.3,63.0,24.49,131,83,165.0,89.0,3,888,2,1,0,0
1636,2024,2,64,3,4,161.0,46.0,17.74,130,75,151.0,86.0,2,888,1,2,0,0
1637,2024,2,26,4,1,168.7,48.5,17.04,103,67,162.0,78.0,2,888,1,1,0,0
1638,2024,2,78,2,9,156.9,,,125,59,,100.0,3,888,2,2,0,0
1639,2024,2,63,3,4,162.5,58.1,21.98,116,82,,,1,20,3,1,0,0
1640,2024,2,36,1,2,158.4,54.2,21.58,113,70,155.0,98.0,3,888,2,2,0,0
1641,2024,2,33,2,1,142.8,49.7,24.37,92,73,135.0,76.0,3,888,1,1,0,0
1642,2024,2,68,2,1,162.9,62.4,23.5,999,999,162.0,80.0,1,13,2,2,0,0
1643,2024,2,65,3,2,162.9,,,114,57,229.0,98.0,2,888,3,2,0,0
1644,2024,1,45,1,1,167.2,57.6,20.62,149,91,,94.0,2,888,2,1,1,1
1645,2024,2,77,4,4,156.4,78.2,31.94,130,80,,75.0,3,888,1,2,0,0
1646,2024,1,70,3,2,166.2,54.0,19.54,130,75,168.0,76.0,3,888,2,1,1,1
1647,2024,1,60,2,1,176.3,,,123,70,130.0,70.0,1,999,2,1,0,0
1648,2024,2,78,2,1,165.5,56.9,20.76,101,52,199.0,106.0,3,888,3,2,0,0
1649,2024,1,74,3,4,180.1,,,999,999,184.0,94.0,9,999,1,1,0,0
1650,2024,2,61,4,4,155.7,61.7,25.46,155,82,187.0,66.0,3,888,2,1,1,1
1651,2024,2,58,3,2,158.7,57.0,22.62,80,61,171.0,88.0,2,888,2,1,0,0
1652,2024,2,59,2,1,162.9,60.4,22.76,112,61,150.0,83.0,3,888,2,2,1,1
1653,2024,2,71,4,4,152.0,64.4,27.89,149,84,129.0,97.0,9,999,2,2,1,1
1654,2024,1,33,3,2,172.4,69.0,23.21,113,60,209.0,61.0,2,888,2,1,0,0
1655,2024,2,68,3,1,162.5,53.7,20.35,120,59,204.0,115.0,3,888,2,2,0,0
1656,2024,2,47,4,3,160.7,63.5,24.59,102,68,171.0,55.0,3,888,3,2,0,0
1657,2024,2,33,3,4,153.0,52.3,22.36,100,51,,41.0,2,888,3,2,0,0
1658,2024,2,76,1,2,160.8,57.8,22.37,141,87,,115.0,3,888,3,2,0,1
1659,2024,1,48,2,3,177.4,66.3,21.05,120,72,161.0,94.0,1,27,2,2,0,0
1660,2024,1,65,2,4,164.1,59.2,21.97,126,74,208.0,109.0,3,888,3,1,1,1
1661,2024,2,61,3,4,160.2,60.7,23.66,999,999,,95.0,2,888,2,1,1,1
1662,2024,2,45,4,9,158.7,58.5,23.23,76,61,191.0,83.0,2,888,2,2,0,0
1663,2024,1,64,2,2,185.9,86.6,25.07,99,61,175.0,83.0,3,888,1,1,1,1
1664,2024,1,32,3,1,171.1,70.9,24.21,112,54,186.0,85.0,2,888,1,2,0,0
1665,2024,2,37,1,1,157.9,36.0,14.45,99,56,135.0,,2,888,3,1,0,0
1666,2024,2,19,2,4,151.8,46.1,20.01,91,54,199.0,97.0,1,16,1,2,0,0
1667,2024,2,37,4,3,158.2,36.0,14.38,73,62,144.0,81.0,3,888,2,2,0,0
1668,2024,2,67,2,4,162.1,64.3,24.49,113,70,136.0,91.0,2,888,3,1,0,0
1669,2024,2,66,1,3,156.1,67.9,27.86,127,71,219.0,88.0,3,888,2,1,0,0
1670,2024,2,52,4,4,157.0,61.8,25.09,122,63,126.0,64.0,3,888,1,2,0,0
1671,2024,1,75,4,1,174.8,71.7,23.47,123,86,162.0,107.0,1,25,2,2,0,0
1672,2024,1,75,2,3,169.9,63.9,22.13,129,73,179.0,101.0,3,888,1,2,0,0
1673,2024,1,71,2,9,171.4,,,114,73,197.0,,1,16,3,1,0,0
1674,2024,2,64,3,3,165.7,77.0,28.04,118,72,164.0,116.0,3,888,2,1,0,0
1675,2024,1,67,2,3,167.0,63.8,22.86,999,999,160.0,84.0,3,888,2,2,0,0
1676,2024,1,58,4,2,169.9,86.8,30.07,94,67,212.0,94.0,2,888,2,2,0,0
1677,2024,2,48,1,1,156.1,59.5,24.41,123,69,195.0,107.0,3,888,2,1,0,0
1678,2024,1,48,3,3,181.9,72.5,21.93,122,72,186.0,79.0,1,8,2,1,0,0
1679,2024,2,41,3,1,147.4,57.6,26.49,135,77,,86.0,9,999,2,1,0,0
1680,2024,1,71,3,1,169.3,67.5,23.57,999,999,161.0,97.0,3,888,2,1,0,0
1681,2024,1,80,3,2,171.5,63.1,21.47,999,999,142.0,104.0,1,14,3,1,1,1
1682,2024,2,43,3,2,154.7,61.8,25.85,115,63,160.0,86.0,3,888,3,2,0,0
1683,2024,1,65,3,4,181.9,,,127,77,186.0,71.0,2,888,3,1,0,0
1684,2024,1,45,4,4,159.0,57.0,22.56,132,65,160.0,70.0,3,888,2,1,0,0
1685,2024,1,42,3,4,179.0,64.4,20.09,111,78,206.0,75.0,3,888,3,2,0,0
1686,2024,2,62,2,1,157.9,64.1,25.72,110,69,189.0,89.0,1,27,3,1,0,0
1687,2024,2,60,3,3,155.2,65.7,27.27,118,77,193.0,100.0,2,888,1,1,0,0
1688,2024,2,38,4,4,158.6,74.0,29.43,82,64,141.0,62.0,1,21,2,2,0,0
1689,2024,1,48,1,9,171.1,74.8,25.52,85,53,175.0,97.0,3,888,2,1,0,0
1690,2024,1,59,3,3,163.0,51.9,19.54,121,72,179.0,65.0,3,888,2,1,0,0
1691,2024,1,52,4,1,174.7,,,107,66,146.0,95.0,1,13,1,1,0,0
1692,2024,1,60,3,3,168.7,82.4,28.93,129,80,146.0,110.0,3,888,1,1,0,0
1693,2024,2,50,2,2,152.4,58.0,24.96,127,70,171.0,90.0,3,888,2,2,0,0
1694,2024,1,70,1,1,168.6,,,144,92,163.0,79.0,3,888,2,2,1,1
1695,2024,2,79,2,9,157.2,80.8,32.7,127,81,189.0,100.0,3,888,2,1,0,0
1696,2024,2,53,1,4,164.9,47.8,17.58,125,77,,67.0,3,888,1,1,1,1
1697,2024,1,51,2,1,184.6,88.0,25.81,128,73,203.0,106.0,3,888,2,2,0,0
1698,2024,2,64,3,1,152.3,45.6,19.68,101,67,154.0,93.0,2,888,2,1,0,0
1699,2024,1,73,1,1,165.1,57.9,21.25,115,69,188.0,130.0,3,888,2,2,0,0
1700,2024,1,65,1,4,182.8,67.4,20.17,999,999,217.0,,3,888,2,1,1,1
1701,2024,1,44,3,4,154.1,47.4,19.96,99,54,188.0,85.0,3,888,2,1,0,0
1702,2024,1,63,2,1,174.4,,,120,69,156.0,62.0,1,9,1,1,0,0
1703,2024,2,41,4,4,164.9,,,117,68,188.0,78.0,3,888,1,2,0,0
1704,2024,1,84,2,2,174.8,67.9,22.22,999,999,159.0,129.0,1,13,1,1,0,0
1705,2024,2,69,2,9,158.2,,,139,78,186.0,101.0,2,888,1,2,1,1
1706,2024,2,52,3,1,159.1,,,105,53,149.0,123.0,2,888,1,2,0,0
1707,2024,2,54,2,1,162.6,68.2,25.81,114,76,,115.0,3,888,2,1,0,0
1708,2024,2,70,3,4,155.2,66.9,27.78,166,99,149.0,99.0,3,888,2,1,1,1
1709,2024,2,40,2,4,160.1,53.1,20.72,115,69,126.0,112.0,3,888,2,1,0,0
1710,2024,2,44,2,3,159.4,75.4,29.68,131,70,193.0,104.0,3,888,1,2,0,0
1711,2024,1,69,3,4,171.9,72.2,24.42,136,71,199.0,102.0,3,888,3,1,1,1
1712,2024,1,62,2,3,158.9,66.9,26.49,143,68,160.0,101.0,1,17,3,1,0,1
1713,2024,2,68,3,3,159.4,57.2,22.52,95,47,145.0,88.0,3,888,1,1,0,0
1714,2024,2,52,1,3,164.8,66.7,24.56,72,61,192.0,83.0,1,19,3,2,0,0
1715,2024,1,66,4,2,162.9,,,130,80,148.0,112.0,1,999,1,1,0,0
1716,2024,2,62,2,3,155.7,54.4,22.42,98,66,197.0,102.0,3,888,3,1,1,1
1717,2024,2,46,1,3,159.4,45.8,18.03,100,49,159.0,95.0,1,7,3,1,0,0
1718,2024,1,43,4,3,173.1,74.0,24.68,127,74,127.0,102.0,2,888,2,2,0,0
1719,2024,2,50,2,9,147.6,47.9,22.0,97,51,143.0,91.0,3,888,1,1,0,0
1720,2024,1,52,1,9,168.9,75.4,26.45,136,77,141.0,110.0,1,9,2,1,0,0
1721,2024,2,19,2,3,168.2,54.5,19.26,94,63,212.0,72.0,2,888,1,1,0,0
1722,2024,1,28,3,3,174.5,74.9,24.58,60,46,,78.0,1,5,1,2,0,0
1723,2024,1,39,3,3,174.7,,,106,62,210.0,72.0,2,888,2,1,0,0
1724,2024,1,58,2,3,170.4,55.3,19.02,121,68,184.0,98.0,3,888,2,1,0,0
1725,2024,2,87,3,1,166.0,60.8,22.08,134,80,153.0,120.0,3,888,2,2,0,0
1726,2024,1,84,2,1,188.4,,,159,83,165.0,88.0,3,888,3,1,1,1
1727,2024,1,43,4,4,184.5,,,116,73,163.0,77.0,3,888,1,2,0,0
1728,2024,2,82,2,1,152.7,54.4,23.33,118,73,,92.0,2,888,2,2,1,1
1729,2024,2,37,1,3,145.1,62.9,29.9,95,71,175.0,102.0,1,22,1,1,0,0
1730,2024,1,19,2,4,161.1,63.1,24.33,114,54,117.0,76.0,1,13,2,1,0,0
1731,2024,1,41,3,2,178.2,69.1,21.75,80,54,141.0,87.0,3,888,2,2,0,0
1732,2024,2,63,1,1,158.3,60.8,24.28,128,66,183.0,107.0,3,888,1,2,0,0
1733,2024,2,56,3,4,154.7,61.6,25.73,121,80,180.0,89.0,2,888,1,2,0,0
1734,2024,2,77,3,3,169.8,61.5,21.34,999,999,203.0,126.0,3,888,3,2,0,0
1735,2024,1,41,3,3,175.5,,,114,64,171.0,87.0,3,888,2,2,0,0
1736,2024,1,55,4,4,168.2,76.2,26.93,139,82,193.0,,1,12,2,2,0,0
1737,2024,1,65,3,4,175.4,74.0,24.05,145,83,175.0,108.0,3,888,1,2,0,1
1738,2024,1,58,3,9,166.6,70.9,25.55,123,81,,105.0,1,15,3,1,0,0
1739,2024,2,29,1,1,154.3,74.4,31.27,115,71,140.0,98.0,3,888,2,1,0,0
1740,2024,1,50,3,3,173.3,63.5,21.16,109,74,164.0,80.0,3,888,2,1,0,0
1741,2024,2,22,3,4,166.3,67.2,24.29,78,61,176.0,78.0,3,888,3,1,0,0
1742,2024,2,63,1,2,153.6,78.1,33.09,148,86,233.0,114.0,3,888,1,1,0,1
1743,2024,1,61,9,1,180.7,78.0,23.88,120,71,148.0,99.0,3,888,2,2,0,0
1744,2024,2,51,4,4,149.9,69.1,30.76,134,71,154.0,103.0,3,888,1,1,1,1
1745,2024,1,48,3,3,179.5,73.2,22.73,116,57,180.0,95.0,2,888,3,1,0,0
1746,2024,2,49,1,2,145.5,56.2,26.55,140,82,181.0,55.0,1,10,1,2,1,1
1747,2024,1,64,3,4,169.5,62.6,21.79,999,999,164.0,86.0,1,999,1,1,1,1
1748,2024,2,47,3,9,153.6,52.5,22.26,114,72,187.0,93.0,3,888,2,1,0,0
1749,2024,2,44,2,1,157.2,67.4,27.28,135,80,159.0,106.0,3,888,3,2,0,0
1750,2024,1,40,4,3,173.7,,,128,76,163.0,85.0,1,26,2,2,0,0
1751,2024,1,61,2,1,170.7,69.6,23.88,116,72,,74.0,1,11,1,2,0,0
1752,2024,1,36,1,9,168.3,68.8,24.3,90,73,204.0,86.0,1,9,2,2,0,0
1753,2024,2,41,3,9,156.8,,,124,84,137.0,139.0,3,888,2,2,0,0
1754,2024,2,43,2,3,148.4,48.7,22.12,90,66,,68.0,3,888,1,2,0,0
1755,2024,1,72,1,1,181.0,78.3,23.9,121,72,145.0,58.0,3,888,1,2,0,0
1756,2024,1,28,3,3,168.2,74.4,26.31,109,72,183.0,89.0,3,888,2,1,0,0
1757,2024,2,81,3,4,152.7,62.2,26.67,107,63,125.0,110.0,3,888,3,2,1,1
1758,2024,1,49,3,3,181.1,,,999,999,,78.0,1,12,1,1,0,0
1759,2024,2,56,2,2,159.1,72.5,28.67,121,77,272.0,,3,888,2,1,0,0
1760,2024,2,50,3,4,160.4,,,106,65,129.0,92.0,3,888,3,1,0,0
1761,2024,2,59,2,1,163.5,63.1,23.58,145,76,175.0,90.0,2,888,3,2,0,1
1762,2024,2,43,2,9,151.2,58.8,25.73,97,60,155.0,104.0,3,888,2,2,0,0
1763,2024,2,43,2,4,160.8,50.1,19.36,86,53,181.0,77.0,3,888,1,1,0,0
1764,2024,1,47,2,3,165.4,56.3,20.57,108,71,174.0,110.0,1,17,1,1,0,0
1765,2024,2,58,2,2,153.2,53.9,22.97,114,72,219.0,107.0,3,888,1,1,0,0
1766,2024,2,85,2,9,152.5,56.1,24.12,143,85,263.0,105.0,3,888,2,1,0,1
1767,2024,2,46,1,1,149.7,47.5,21.2,108,66,186.0,70.0,3,888,3,1,0,0
1768,2024,2,43,3,2,155.0,59.4,24.72,132,68,125.0,92.0,2,888,1,1,0,0
1769,2024,2,56,3,4,160.5,62.5,24.27,121,70,193.0,100.0,3,888,3,1,0,0
1770,2024,2,44,2,1,156.3,56.6,23.17,102,59,183.0,61.0,3,888,1,1,0,0
1771,2024,1,82,2,3,181.8,,,138,79,138.0,100.0,2,888,3,1,0,0
1772,2024,1,37,3,3,173.4,,,99,72,,134.0,3,888,3,2,0,0
1773,2024,1,57,2,2,167.4,72.8,26.0,119,73,162.0,111.0,3,888,2,2,0,0
1774,2024,2,45,2,4,155.1,61.9,25.73,100,63,178.0,90.0,3,888,3,2,0,0
1775,2024,2,49,1,1,156.2,71.6,29.37,117,78,198.0,80.0,3,888,2,1,0,0
1776,2024,1,89,2,9,164.9,73.6,27.09,999,999,186.0,96.0,3,888,3,1,1,1
1777,2024,2,61,2,2,161.8,74.8,28.58,135,89,241.0,92.0,1,24,2,2,0,0
1778,2024,2,30,3,3,152.1,53.3,23.03,84,67,194.0,127.0,1,9,2,1,0,0
1779,2024,9,46,1,2,165.3,58.7,21.49,98,75,196.0,86.0,1,999,3,1,0,0
1780,2024,1,58,4,2,177.5,63.3,20.11,124,68,171.0,72.0,2,888,2,1,0,0
1781,2024,2,48,2,2,168.4,75.7,26.69,116,75,,116.0,3,888,1,2,0,0
1782,2024,2,46,4,4,154.9,74.2,30.93,132,70,176.0,90.0,3,888,1,2,1,1
1783,2024,1,33,2,4,181.5,65.0,19.72,92,65,,121.0,3,888,2,1,0,0
1784,2024,2,30,3,2,155.2,72.0,29.89,115,68,161.0,105.0,2,888,1,2,0,0
1785,2024,1,54,3,4,180.0,71.2,21.96,110,61,208.0,99.0,3,888,2,1,0,0
1786,2024,1,32,3,2,171.8,62.2,21.08,107,68,167.0,106.0,3,888,2,1,0,0
1787,2024,2,33,4,4,167.0,59.6,21.36,90,62,183.0,101.0,1,18,2,2,0,0
1788,2024,1,71,4,2,172.2,66.1,22.3,106,81,186.0,79.0,1,18,1,1,1,1
1789,2024,2,58,2,4,167.8,49.0,17.39,999,999,158.0,94.0,2,888,3,2,0,0
1790,2024,2,89,4,9,159.5,,,136,80,,96.0,2,888,2,2,1,1
1791,2024,2,49,3,3,148.0,52.7,24.09,136,70,156.0,103.0,3,888,3,2,1,1
1792,2024,1,33,3,2,180.6,90.2,27.67,103,78,179.0,60.0,3,888,2,2,0,0
1793,2024,2,35,2,2,150.4,57.7,25.51,124,76,176.0,76.0,3,888,1,1,0,0
1794,2024,2,89,4,4,160.1,70.3,27.43,999,999,200.0,102.0,2,888,3,1,1,1
1795,2024,2,63,4,3,161.1,68.1,26.26,999,999,186.0,86.0,3,888,2,1,0,0
1796,2024,1,49,1,1,176.8,73.4,23.47,116,71,137.0,,1,16,3,1,0,0
1797,2024,1,53,4,3,182.2,70.8,21.33,999,999,177.0,103.0,3,888,3,1,0,0
1798,2024,1,55,3,4,183.7,,,137,84,234.0,102.0,3,888,2,2,0,0
1799,2024,2,53,2,4,159.8,66.5,26.04,999,999,167.0,106.0,1,24,1,2,0,0
1800,2024,1,89,3,4,183.5,77.5,23.04,151,97,,62.0,3,888,3,1,0,1
1801,2024,1,19,1,1,159.5,45.2,17.78,120,78,131.0,69.0,2,888,2,2,0,0
1802,2024,1,47,4,3,170.3,,,108,74,,105.0,3,888,1,2,0,0
1803,2024,1,53,4,9,163.1,66.3,24.92,111,75,203.0,100.0,3,888,1,2,0,0
1804,2024,2,47,1,9,158.5,69.3,27.59,134,79,144.0,91.0,2,888,2,1,0,0
1805,2024,1,77,4,2,170.8,71.8,24.63,114,82,158.0,111.0,3,888,2,1,0,0
1806,2024,2,46,3,3,150.4,51.8,22.9,92,61,190.0,77.0,3,888,2,2,0,0
1807,2024,2,37,3,4,155.6,54.5,22.52,117,82,170.0,,3,888,1,1,0,0
1808,2024,2,48,2,2,167.1,50.9,18.25,93,53,174.0,84.0,3,888,1,2,0,0
1809,2024,2,76,2,1,155.3,52.1,21.62,141,72,263.0,66.0,2,888,2,2,1,1
1810,2024,2,65,3,4,162.9,62.5,23.54,108,68,196.0,76.0,3,888,1,2,0,0
1811,2024,2,56,2,3,162.2,63.9,24.3,999,999,185.0,116.0,3,888,3,1,0,0
1812,2024,2,59,1,3,166.8,,,999,999,162.0,99.0,3,888,2,2,0,0
1813,2024,1,66,1,9,183.2,71.8,21.39,165,88,134.0,141.0,3,888,2,1,1,1
1814,2024,1,38,3,1,164.8,66.3,24.4,128,87,146.0,67.0,1,24,1,1,0,0
1815,2024,1,45,2,3,173.2,68.5,22.83,112,72,176.0,106.0,3,888,2,2,0,0
1816,2024,2,67,2,1,150.7,57.2,25.18,140,84,216.0,,3,888,2,1,0,1
1817,2024,2,34,3,3,157.2,,,96,58,222.0,64.0,3,888,2,2,0,0
1818,2024,2,71,2,2,155.0,61.2,25.46,99,71,167.0,118.0,3,888,2,2,0,0
1819,2024,1,78,1,1,178.2,81.2,25.57,999,999,123.0,93.0,1,12,1,2,0,0
1820,2024,2,56,2,1,142.4,52.5,25.87,121,72,186.0,92.0,3,888,2,2,0,0
1821,2024,1,27,2,3,170.1,73.7,25.47,115,73,189.0,65.0,3,888,2,2,0,0
1822,2024,1,40,4,3,163.3,62.6,23.48,111,68,183.0,96.0,1,18,1,2,0,0
1823,2024,1,54,3,1,164.5,64.5,23.82,116,61,117.0,65.0,1,8,3,1,0,0
1824,2024,1,65,1,1,179.4,,,999,999,,77.0,1,11,1,1,0,0
1825,2024,2,62,2,2,160.5,57.6,22.34,999,999,216.0,,3,888,3,1,0,0
1826,2024,2,71,3,2,165.7,69.6,25.34,131,76,166.0,117.0,3,888,3,2,0,0
1827,2024,1,34,2,1,175.8,54.2,17.54,114,69,143.0,75.0,1,11,2,2,0,0
1828,2024,1,58,4,1,166.5,,,999,999,131.0,110.0,1,2,1,2,0,0
1829,2024,2,60,1,4,168.0,63.4,22.47,105,51,117.0,99.0,2,888,2,1,1,1
1830,2024,1,46,3,4,174.6,70.0,22.98,108,64,148.0,80.0,3,888,3,2,0,0
1831,2024,1,35,3,3,166.0,57.6,20.87,100,64,131.0,85.0,3,888,1,1,0,0
1832,2024,1,72,1,2,168.3,67.3,23.77,141,81,187.0,70.0,3,888,1,2,0,1
1833,2024,1,73,9,1,170.3,70.4,24.29,107,60,160.0,83.0,2,888,1,1,0,0
1834,2024,2,39,3,2,160.5,,,115,67,215.0,82.0,1,20,1,1,0,0
1835,2024,2,60,2,1,164.5,69.7,25.75,999,999,215.0,77.0,2,888,1,1,0,0
1836,2024,2,70,3,4,163.4,75.0,28.1,126,73,179.0,93.0,3,888,2,1,0,0
1837,2024,1,71,1,9,162.8,,,126,71,142.0,124.0,3,888,1,2,1,1
1838,2024,1,41,3,9,166.4,,,95,55,,85.0,3,888,1,2,0,0
1839,2024,1,65,4,3,171.3,60.8,20.73,109,66,178.0,86.0,3,888,2,1,0,0
1840,2024,1,20,4,4,163.8,69.1,25.74,92,52,133.0,104.0,3,888,3,2,0,0
1841,2024,1,31,2,2,167.5,88.4,31.51,999,999,156.0,82.0,3,888,1,1,0,0
1842,2024,2,37,1,3,151.5,48.6,21.2,999,999,122.0,,1,18,3,1,0,0
1843,2024,2,27,1,1,156.1,79.8,32.73,109,69,209.0,87.0,1,21,3,2,0,0
1844,2024,2,47,3,3,160.4,63.2,24.54,137,82,208.0,76.0,3,888,2,1,0,0
1845,2024,1,53,3,3,164.4,61.6,22.79,104,63,184.0,131.0,2,888,2,2,0,0
1846,2024,2,27,3,4,166.7,49.2,17.71,118,78,128.0,97.0,2,888,3,1,0,0
1847,2024,1,34,3,4,173.9,57.9,19.17,75,45,123.0,75.0,3,888,3,2,0,0
1848,2024,1,67,4,1,169.1,64.4,22.51,123,80,196.0,122.0,3,888,3,1,0,0
1849,2024,2,65,4,1,164.7,,,124,74,130.0,84.0,3,888,3,1,0,0
1850,2024,2,31,2,2,151.2,55.5,24.26,97,65,132.0,,2,888,2,2,0,0
1851,2024,1,57,1,1,171.3,75.7,25.81,125,74,183.0,75.0,2,888,2,2,0,0
1852,2024,1,28,3,4,171.3,72.4,24.66,117,66,207.0,86.0,3,888,1,1,0,0
1853,2024,1,33,2,3,168.5,54.3,19.13,91,55,213.0,55.0,3,888,1,1,0,0
1854,2024,1,23,3,9,175.8,73.5,23.78,106,62,202.0,70.0,1,999,3,1,0,0
1855,2024,1,64,3,3,170.9,72.0,24.64,106,53,187.0,99.0,3,888,1,2,1,1
1856,2024,2,89,4,1,160.4,81.5,31.65,999,999,173.0,96.0,1,999,3,2,1,1
1857,2024,1,47,2,4,161.9,67.8,25.86,132,75,101.0,98.0,3,888,2,2,0,0
1858,2024,1,50,1,3,175.2,61.9,20.16,123,69,172.0,97.0,3,888,2,2,0,0
1859,2024,2,89,4,4,155.0,,,999,999,141.0,76.0,3,888,2,2,1,1
1860,2024,1,32,2,1,171.5,,,100,66,,106.0,2,888,2,2,0,0
1861,2024,2,36,3,4,157.9,46.6,18.68,117,63,220.0,85.0,3,888,2,1,0,0
1862,2024,2,41,3,3,156.6,59.3,24.18,107,62,211.0,54.0,3,888,2,1,0,0
1863,2024,1,67,4,1,159.5,59.5,23.37,113,57,229.0,87.0,3,888,1,1,0,0
1864,2024,2,65,4,3,156.7,71.6,29.15,152,80,173.0,89.0,3,888,3,2,0,1
1865,2024,2,59,3,1,158.1,,,126,69,190.0,92.0,3,888,2,1,0,0
1866,2024,1,38,1,1,178.3,67.7,21.28,100,77,146.0,106.0,3,888,2,1,0,0
1867,2024,1,75,3,1,181.9,,,999,999,201.0,89.0,3,888,3,1,0,0
1868,2024,1,40,2,1,168.8,56.1,19.68,99,72,185.0,74.0,3,888,1,2,0,0
1869,2024,1,61,1,3,164.8,79.0,29.06,121,80,189.0,95.0,3,888,1,1,0,0
1870,2024,2,29,3,3,153.0,44.5,19.01,90,70,172.0,104.0,3,888,2,2,0,0
1871,2024,2,62,2,4,152.0,53.2,23.04,114,73,140.0,88.0,3,888,3,1,0,0
1872,2024,1,58,3,2,170.3,,,999,999,174.0,108.0,3,888,2,1,0,0
1873,2024,1,77,3,3,166.6,55.3,19.94,999,999,260.0,103.0,2,888,1,2,0,0
1874,2024,2,19,4,4,159.3,52.4,20.66,103,54,137.0,80.0,1,10,2,2,0,0
1875,2024,2,39,3,4,165.8,57.6,20.94,113,69,144.0,114.0,3,888,1,1,0,0
1876,2024,1,65,4,3,169.3,64.3,22.46,145,84,144.0,80.0,2,888,1,2,0,1
1877,2024,2,56,2,2,159.8,63.3,24.78,98,53,,109.0,3,888,1,2,0,0
1878,2024,2,51,3,4,155.9,,,119,73,198.0,98.0,3,888,2,2,0,0
1879,2024,2,46,2,1,163.0,56.5,21.27,126,71,179.0,94.0,1,1,2,2,0,0
1880,2024,2,82,3,3,158.8,,,159,78,137.0,113.0,2,888,2,2,1,1
1881,2024,1,19,4,1,157.9,40.3,16.18,91,68,142.0,71.0,3,888,1,1,0,0
1882,2024,1,64,2,3,166.3,52.0,18.8,107,77,152.0,86.0,3,888,2,2,0,0
1883,2024,1,45,3,2,166.8,62.0,22.28,132,78,181.0,97.0,3,888,3,2,0,0
1884,2024,2,55,3,3,155.2,68.3,28.35,125,87,139.0,101.0,1,16,2,2,0,0
1885,2024,2,57,3,2,153.5,71.3,30.26,159,86,179.0,114.0,3,888,2,2,1,1
1886,2024,1,54,3,2,161.4,78.4,30.08,124,81,221.0,105.0,1,14,2,1,0,0
1887,2024,1,40,3,3,172.6,68.3,22.93,105,67,152.0,74.0,3,888,2,2,0,0
1888,2024,2,64,2,3,159.9,67.3,26.3,123,74,136.0,90.0,3,888,1,2,0,0
1889,2024,1,43,4,4,169.0,67.1,23.48,999,999,173.0,73.0,3,888,3,1,0,0
1890,2024,2,37,3,4,146.2,53.4,25.0,83,51,210.0,116.0,3,888,2,1,0,0
1891,2024,1,42,3,4,176.7,64.5,20.68,130,82,188.0,78.0,3,888,1,1,0,0
1892,2024,1,26,9,1,168.4,70.8,24.95,113,74,157.0,103.0,2,888,2,2,0,0
1893,2024,1,35,4,3,172.0,65.1,22.03,135,69,,78.0,2,888,2,1,0,0
1894,2024,9,66,4,4,177.8,59.1,18.71,113,73,200.0,99.0,3,888,3,1,1,1
1895,2024,2,53,4,3,158.9,61.1,24.18,142,65,132.0,83.0,2,888,1,1,0,1
1896,2024,1,19,2,4,166.1,38.2,13.82,95,69,176.0,87.0,1,11,2,1,0,0
1897,2024,1,46,4,4,172.3,,,90,55,175.0,66.0,3,888,3,1,0,0
1898,2024,1,42,4,4,183.7,,,999,999,186.0,91.0,3,888,3,1,0,0
1899,2024,2,50,4,1,154.3,60.1,25.26,107,75,82.0,83.0,3,888,1,2,0,0
1900,2024,1,55,3,3,187.2,59.0,16.82,112,68,154.0,91.0,3,888,1,1,0,0
1901,2024,2,46,3,4,155.5,62.6,25.89,123,63,144.0,97.0,2,888,2,2,0,0
1902,2024,2,76,2,2,175.2,,,119,73,169.0,87.0,2,888,1,2,0,0
1903,2024,1,57,4,2,172.3,77.1,25.98,123,72,139.0,108.0,3,888,1,2,1,1
1904,2024,1,56,4,2,171.0,77.1,26.35,116,64,172.0,102.0,3,888,1,1,0,0
1905,2024,2,59,1,1,160.2,78.6,30.64,135,78,190.0,95.0,3,888,1,2,0,0
1906,2024,1,41,3,4,158.9,60.3,23.87,91,56,177.0,87.0,3,888,3,2,0,0
1907,2024,2,60,2,1,161.8,64.4,24.58,113,85,173.0,85.0,3,888,3,1,0,0
1908,2024,2,51,4,3,165.5,66.7,24.36,134,72,,84.0,3,888,2,2,0,0
1909,2024,2,58,3,1,156.9,66.2,26.92,108,62,147.0,109.0,2,888,1,2,0,0
1910,2024,1,84,3,9,157.9,59.2,23.76,999,999,194.0,129.0,3,888,2,2,0,0
1911,2024,1,38,3,3,166.3,67.5,24.41,124,70,141.0,103.0,1,13,1,1,0,0
1912,2024,1,75,2,4,175.9,81.5,26.35,119,73,149.0,95.0,3,888,1,1,0,0
1913,2024,1,69,3,1,171.2,59.8,20.39,117,72,187.0,80.0,3,888,2,2,0,0
1914,2024,2,38,4,4,156.9,72.4,29.42,107,67,199.0,83.0,3,888,1,2,0,0
1915,2024,2,35,2,3,155.0,,,133,75,187.0,83.0,2,888,2,1,0,0
1916,2024,1,52,9,9,168.0,53.4,18.91,120,71,164.0,,9,999,2,1,0,0
1917,2024,1,60,4,9,163.4,54.4,20.39,140,76,179.0,123.0,1,15,1,1,0,1
1918,2024,1,67,3,2,167.1,58.5,20.95,999,999,182.0,87.0,3,888,1,2,0,0
1919,2024,1,44,2,4,165.9,67.2,24.41,111,67,210.0,68.0,3,888,2,2,0,0
1920,2024,2,50,2,2,145.6,56.5,26.65,103,56,183.0,106.0,2,888,2,2,0,0
1921,2024,1,67,2,9,175.7,67.0,21.7,123,79,175.0,95.0,2,888,2,2,0,0
1922,2024,2,34,3,2,153.4,63.9,27.13,120,73,169.0,70.0,3,888,3,1,0,0
1923,2024,1,41,1,2,176.3,64.0,20.59,999,999,179.0,84.0,2,888,2,2,0,0
1924,2024,9,53,2,1,186.9,85.9,24.6,999,999,148.0,,1,11,2,2,0,0
1925,2024,2,35,2,2,156.7,,,127,94,192.0,84.0,1,999,2,1,0,1
1926,2024,2,57,2,3,152.7,71.8,30.8,999,999,172.0,120.0,2,888,3,1,0,1
1927,2024,1,63,3,9,166.4,,,129,60,183.0,77.0,3,888,2,1,1,1
1928,2024,2,54,3,2,176.8,61.5,19.68,999,999,148.0,104.0,3,888,2,1,0,0
1929,2024,2,78,3,2,155.1,60.6,25.19,152,83,,104.0,3,888,2,1,0,1
1930,2024,2,64,3,4,158.7,61.3,24.33,132,70,176.0,92.0,3,888,2,2,0,0
1931,2024,1,53,9,1,180.3,66.4,20.43,999,999,188.0,114.0,2,888,2,2,0,0
1932,2024,2,77,4,3,160.1,,,137,74,195.0,108.0,3,888,2,2,0,0
1933,2024,2,58,3,1,162.7,61.2,23.12,98,62,,93.0,2,888,2,2,0,0
1934,2024,2,79,4,2,161.6,60.8,23.3,110,63,200.0,103.0,3,888,2,2,1,1
1935,2024,2,29,2,2,162.3,61.1,23.19,103,78,133.0,72.0,3,888,1,1,0,0
1936,2024,1,35,1,2,171.4,52.8,17.98,100,65,144.0,94.0,1,13,3,1,0,0
1937,2024,1,36,2,1,174.9,50.1,16.36,126,94,127.0,88.0,2,888,1,1,0,1
1938,2024,1,48,9,2,175.8,68.6,22.19,123,70,57.0,96.0,1,18,2,2,0,0
1939,2024,2,44,1,1,157.1,,,137,81,193.0,112.0,1,15,1,2,0,0
1940,2024,2,30,4,4,162.5,61.3,23.21,85,50,180.0,96.0,1,11,2,2,0,0
1941,2024,1,80,1,9,168.8,54.7,19.19,144,86,203.0,93.0,1,23,3,1,0,1
1942,2024,1,36,3,3,164.6,65.0,23.98,118,72,179.0,88.0,3,888,3,1,0,0
1943,2024,2,53,2,1,152.8,69.5,29.75,119,79,153.0,105.0,3,888,2,1,0,0
1944,2024,2,44,2,1,163.2,56.9,21.36,101,72,143.0,71.0,3,888,3,2,0,0
1945,2024,1,56,3,2,174.8,64.5,21.1,121,75,179.0,101.0,3,888,3,1,0,0
1946,2024,1,46,3,3,162.8,56.0,21.14,107,62,169.0,95.0,9,999,2,2,0,0
1947,2024,2,60,3,1,153.7,49.9,21.11,130,79,160.0,112.0,1,14,2,1,0,0
1948,2024,2,63,2,3,164.2,72.2,26.75,111,69,151.0,108.0,3,888,1,2,0,0
1949,2024,1,29,3,4,164.7,53.4,19.68,103,78,148.0,72.0,3,888,2,2,0,0
1950,2024,2,44,1,1,149.3,50.5,22.67,88,55,137.0,97.0,1,20,1,2,0,0
1951,2024,2,78,3,4,158.5,75.0,29.85,124,76,209.0,156.0,3,888,1,1,0,0
1952,2024,2,42,2,4,168.8,57.4,20.15,129,78,186.0,80.0,3,888,1,2,0,0
1953,2024,1,86,3,9,164.8,85.9,31.61,162,90,,122.0,3,888,3,2,1,1
1954,2024,2,70,3,1,154.1,46.5,19.58,112,64,109.0,100.0,3,888,2,2,0,0
1955,2024,2,65,2,9,146.3,57.2,26.75,153,84,228.0,74.0,3,888,3,2,0,1
1956,2024,2,55,3,4,156.6,,,132,80,182.0,84.0,3,888,2,2,0,0
1957,2024,2,36,2,2,148.5,51.8,23.51,109,61,127.0,111.0,3,888,1,2,0,0
1958,2024,2,56,3,4,158.1,64.7,25.9,999,999,154.0,97.0,2,888,3,2,0,0
1959,2024,2,51,2,1,162.9,,,131,73,134.0,115.0,3,888,2,1,0,0
1960,2024,2,41,3,4,165.1,64.7,23.73,106,71,138.0,90.0,2,888,3,1,0,0
1961,2024,1,22,3,2,165.3,68.6,25.12,90,66,165.0,112.0,1,16,1,1,0,0
1962,2024,2,35,3,4,154.5,66.2,27.72,105,61,172.0,72.0,1,15,1,2,0,0
1963,2024,1,70,9,2,171.7,77.3,26.22,138,81,140.0,,3,888,2,2,0,0
1964,2024,2,42,2,4,157.3,60.3,24.36,94,53,194.0,90.0,3,888,1,1,0,0
1965,2024,2,21,4,3,155.1,56.4,23.45,110,72,160.0,81.0,3,888,1,1,0,0
1966,2024,1,20,1,4,174.8,,,119,70,164.0,79.0,3,888,2,1,0,0
1967,2024,1,54,4,2,171.5,66.7,22.66,999,999,,94.0,1,18,3,1,0,0
1968,2024,2,56,3,3,163.9,58.7,21.87,111,65,163.0,110.0,3,888,2,1,0,0
1969,2024,2,55,1,1,149.0,61.2,27.6,133,83,180.0,86.0,2,888,2,2,0,0
1970,2024,2,46,3,2,155.0,68.5,28.49,110,62,177.0,90.0,2,888,3,1,0,0
1971,2024,1,43,4,4,179.1,57.7,17.99,92,64,123.0,91.0,1,9,3,1,0,0
1972,2024,1,34,9,1,176.1,,,108,76,169.0,97.0,2,888,2,1,0,0
1973,2024,2,59,2,1,147.5,73.3,33.66,144,83,182.0,133.0,3,888,2,1,0,1
1974,2024,1,39,4,3,172.0,69.0,23.33,108,81,153.0,91.0,3,888,1,2,0,0
1975,2024,2,40,3,2,148.5,67.1,30.43,144,89,200.0,,3,888,2,2,0,1
1976,2024,2,52,4,4,166.2,86.1,31.17,119,61,,81.0,2,888,1,2,0,0
1977,2024,1,75,3,1,171.9,67.7,22.89,138,94,199.0,91.0,1,10,2,1,0,1
1978,2024,2,57,3,3,159.8,70.1,27.47,999,999,191.0,86.0,3,888,3,1,0,0
1979,2024,2,76,2,1,147.8,67.2,30.77,158,86,164.0,,2,888,3,1,0,1
1980,2024,1,35,3,3,160.0,,,98,58,174.0,102.0,3,888,1,1,0,0
1981,2024,2,49,4,4,151.4,63.6,27.76,91,64,165.0,103.0,2,888,2,1,0,0
1982,2024,2,36,3,3,156.7,70.4,28.66,110,65,197.0,86.0,3,888,2,1,0,0
1983,2024,2,69,3,4,149.8,58.8,26.22,999,999,169.0,104.0,1,13,2,2,0,0
1984,2024,1,31,3,1,161.0,65.0,25.08,103,68,203.0,103.0,3,888,3,2,0,0
1985,2024,1,45,3,4,177.6,64.8,20.53,113,73,166.0,,2,888,1,1,0,0
1986,2024,2,47,1,3,169.2,70.8,24.75,102,69,130.0,,2,888,2,1,0,0
1987,2024,1,59,1,4,173.1,58.1,19.39,110,66,211.0,,3,888,3,2,0,0
1988,2024,1,78,4,3,184.9,76.3,22.33,143,94,,93.0,2,888,3,1,0,1
1989,2024,1,50,3,4,175.2,67.0,21.82,129,72,182.0,80.0,3,888,3,1,1,1
1990,2024,1,74,4,2,173.9,64.8,21.43,114,65,,65.0,2,888,2,1,0,0
1991,2024,1,81,2,4,167.1,49.8,17.83,106,75,,103.0,3,888,1,2,0,0
1992,2024,1,39,2,4,167.8,56.6,20.11,113,65,205.0,104.0,1,16,3,1,0,0
1993,2024,2,71,1,1,153.8,52.9,22.36,137,77,180.0,,1,14,2,1,0,0
1994,2024,2,70,3,1,164.1,,,125,76,168.0,128.0,3,888,2,2,0,0
1995,2024,2,65,3,9,160.9,73.6,28.43,999,999,172.0,87.0,3,888,3,1,0,0
1996,2024,1,57,4,2,170.9,,,107,73,143.0,87.0,3,888,1,1,0,0
1997,2024,2,49,3,3,172.8,60.2,20.16,108,69,160.0,80.0,3,888,2,1,0,0
1998,2024,1,53,1,1,160.0,61.9,24.2,113,78,135.0,62.0,2,888,1,2,0,0
1999,2024,2,35,3,2,165.8,45.6,16.58,111,64,177.0,62.0,2,888,1,2,0,0
2000,2024,1,57,1,1,165.4,51.4,18.79,999,999,217.0,72.0,3,888,3,2,1,1
2001,2024,1,36,3,4,173.7,79.0,26.18,120,68,180.0,83.0,1,1,3,1,0,0
2002,2024,2,55,3,2,149.5,63.1,28.21,147,75,196.0,117.0,2,888,3,1,0,1
2003,2024,2,42,3,2,150.2,,,124,69,144.0,82.0,2,888,3,2,0,0
2004,2024,1,48,4,4,169.2,57.3,20.01,109,60,143.0,90.0,2,888,1,1,0,0
2005,2024,2,53,3,2,148.7,46.3,20.92,96,45,106.0,66.0,3,888,1,1,0,0
2006,2024,1,51,2,9,168.5,48.8,17.19,104,71,210.0,,1,16,2,1,0,0
2007,2024,2,33,3,3,167.9,61.5,21.8,109,67,85.0,79.0,1,8,2,2,0,0
2008,2024,1,54,1,2,169.2,61.9,21.6,118,64,153.0,76.0,1,10,1,1,0,0
2009,2024,1,65,3,1,172.6,66.4,22.28,105,82,137.0,80.0,1,14,2,1,0,0
2010,2024,2,33,4,4,161.6,52.5,20.09,93,78,223.0,81.0,3,888,2,2,0,0
2011,2024,2,69,3,1,160.3,77.6,30.18,148,78,,107.0,3,888,2,1,1,1
2012,2024,1,49,3,4,174.3,52.7,17.34,94,56,149.0,105.0,3,888,1,1,0,0
2013,2024,2,28,2,4,166.0,68.9,25.0,134,81,179.0,82.0,2,888,2,1,0,0
2014,2024,1,47,3,2,166.3,70.0,25.33,119,66,164.0,113.0,3,888,3,2,0,0
2015,2024,2,54,3,9,173.8,79.1,26.19,101,64,192.0,83.0,3,888,2,2,0,0
2016,2024,1,32,3,2,165.7,65.0,23.68,122,72,167.0,81.0,3,888,1,1,0,0
2017,2024,2,27,2,2,164.2,62.5,23.17,125,82,140.0,77.0,3,888,2,2,0,0
2018,2024,2,19,3,4,159.1,53.6,21.16,104,63,168.0,67.0,1,9,3,2,0,0
2019,2024,2,34,1,1,155.2,60.6,25.15,126,70,201.0,108.0,3,888,1,2,0,0
2020,2024,1,89,2,1,174.3,,,143,83,177.0,100.0,3,888,2,1,0,1
2021,2024,1,62,3,9,162.4,63.1,23.91,101,75,111.0,103.0,1,2,1,1,0,0
2022,2024,2,82,1,1,160.9,,,115,60,206.0,112.0,3,888,3,1,0,0
2023,2024,2,43,3,1,163.1,56.6,21.28,110,74,197.0,70.0,2,888,2,2,0,0
2024,2024,1,76,2,1,162.2,82.5,31.39,999,999,188.0,87.0,3,888,2,1,1,1
2025,2024,2,64,2,2,162.7,85.6,32.36,154,82,189.0,134.0,3,888,2,1,0,1
2026,2024,2,83,4,3,159.2,57.3,22.63,999,999,192.0,110.0,3,888,2,1,1,1
2027,2024,1,29,2,2,162.9,67.9,25.58,97,59,189.0,101.0,3,888,2,1,0,0
2028,2024,2,47,3,2,160.5,65.5,25.44,133,81,139.0,121.0,3,888,2,1,0,0
2029,2024,2,67,3,1,159.2,,,999,999,,90.0,3,888,2,2,0,0
2030,2024,2,60,3,2,156.4,46.2,18.88,129,74,161.0,108.0,2,888,1,2,0,0
2031,2024,2,66,4,3,154.8,66.9,27.91,144,66,204.0,103.0,2,888,2,1,0,1
2032,2024,1,72,2,3,175.2,77.2,25.16,138,77,191.0,91.0,3,888,2,1,1,1
2033,2024,1,78,2,2,169.5,50.1,17.45,144,83,209.0,87.0,1,14,3,1,0,1
2034,2024,2,47,4,3,154.5,67.3,28.18,124,72,172.0,79.0,1,17,2,2,0,0
2035,2024,2,81,3,1,162.7,,,139,81,208.0,138.0,3,888,2,1,1,1
2036,2024,1,48,4,4,167.0,52.6,18.86,108,61,193.0,92.0,3,888,3,1,0,0
2037,2024,2,52,1,2,167.0,61.9,22.2,129,86,159.0,101.0,1,15,1,2,0,0
2038,2024,2,46,1,3,162.6,59.5,22.52,113,76,194.0,55.0,3,888,1,1,0,0
2039,2024,2,44,4,3,155.2,42.5,17.63,132,90,140.0,109.0,2,888,2,1,0,0
2040,2024,2,72,9,9,167.3,68.2,24.37,999,999,,82.0,3,888,3,2,0,0
2041,2024,1,40,3,2,177.8,70.7,22.36,93,56,155.0,100.0,1,999,2,2,0,0
2042,2024,2,32,1,2,151.6,57.1,24.86,75,54,207.0,74.0,3,888,2,2,0,0
2043,2024,2,55,2,1,154.6,,,125,71,202.0,112.0,3,888,2,1,0,0
2044,2024,2,33,2,2,159.8,60.8,23.81,95,65,158.0,,1,2,2,2,0,0
2045,2024,2,50,2,9,151.0,38.1,16.72,999,999,168.0,88.0,9,999,1,2,0,0
2046,2024,1,57,2,4,170.6,59.0,20.29,128,75,134.0,,3,888,1,2,1,1
2047,2024,1,52,3,3,172.1,78.6,26.54,128,74,150.0,,3,888,3,2,0,0
2048,2024,1,64,4,2,165.3,68.7,25.14,125,64,,80.0,3,888,3,2,1,1
2049,2024,1,32,4,4,178.6,,,102,39,135.0,,1,16,2,2,0,0
2050,2024,2,73,3,3,167.3,66.8,23.87,115,74,149.0,120.0,3,888,2,1,0,0
2051,2024,2,41,1,1,143.5,36.0,17.47,108,58,199.0,77.0,3,888,2,2,0,0
2052,2024,1,52,4,2,166.0,77.8,28.23,999,999,,107.0,2,888,1,2,0,0
2053,2024,1,30,2,3,169.2,61.8,21.61,108,68,216.0,99.0,3,888,2,1,0,0
2054,2024,1,87,1,1,174.4,62.6,20.6,999,999,,96.0,1,8,3,1,0,1
2055,2024,1,65,2,1,168.1,67.2,23.78,999,999,143.0,101.0,2,888,1,1,0,0
2056,2024,2,24,4,3,175.3,47.3,15.39,86,63,224.0,,3,888,2,1,0,0
2057,2024,1,69,4,1,171.1,74.6,25.51,139,82,140.0,94.0,1,13,2,1,0,0
2058,2024,2,66,4,4,168.1,68.7,24.31,111,61,175.0,81.0,3,888,1,1,0,0
2059,2024,1,77,2,1,170.2,,,999,999,199.0,105.0,3,888,2,1,0,1
2060,2024,1,40,3,2,165.9,76.4,27.76,129,77,173.0,117.0,3,888,3,1,0,0
2061,2024,1,29,4,3,173.9,77.1,25.51,109,84,164.0,58.0,1,20,2,1,0,0
2062,2024,2,59,3,1,157.5,84.3,34.01,112,67,219.0,101.0,3,888,1,2,0,0
2063,2024,1,68,4,2,169.0,58.9,20.64,999,999,206.0,117.0,1,4,2,2,0,0
2064,2024,2,36,1,1,151.3,40.4,17.65,108,70,154.0,78.0,3,888,3,1,0,0
2065,2024,2,68,3,3,164.2,68.3,25.33,140,87,188.0,79.0,3,888,2,1,0,0
2066,2024,1,63,1,4,174.6,58.3,19.13,117,69,174.0,80.0,3,888,2,2,0,0
2067,2024,2,42,4,2,150.4,60.3,26.68,113,80,136.0,90.0,3,888,2,1,0,0
2068,2024,2,58,1,1,162.1,75.3,28.67,999,999,124.0,,2,888,2,1,1,1
2069,2024,2,55,4,3,163.4,72.8,27.25,135,76,169.0,106.0,3,888,2,2,0,0
2070,2024,1,54,1,2,167.0,46.4,16.63,999,999,135.0,,1,999,3,1,0,0
2071,2024,1,60,1,1,176.4,,,999,999,183.0,83.0,2,888,2,2,0,0
2072,2024,2,77,3,3,154.9,68.9,28.73,145,80,182.0,109.0,1,999,1,1,1,1
2073,2024,2,46,2,3,150.5,62.1,27.41,123,70,193.0,87.0,2,888,2,2,0,0
2074,2024,1,59,4,3,166.0,50.5,18.31,135,84,209.0,106.0,1,20,2,1,0,0
2075,2024,1,49,4,4,170.7,67.7,23.23,126,69,195.0,120.0,3,888,1,1,0,0
2076,2024,1,53,4,2,169.8,60.5,20.98,999,999,83.0,87.0,1,20,2,2,0,0
2077,2024,2,33,3,4,159.3,62.7,24.68,116,61,148.0,81.0,3,888,2,1,0,0
2078,2024,2,48,1,1,144.9,45.7,21.78,109,69,162.0,85.0,3,888,3,2,0,0
2079,2024,2,63,3,3,158.7,74.1,29.43,118,77,181.0,99.0,2,888,1,2,0,0
2080,2024,1,58,1,9,176.2,83.1,26.79,999,999,170.0,61.0,3,888,2,2,0,0
2081,2024,2,49,1,2,162.5,57.3,21.69,97,64,183.0,106.0,1,9,1,2,0,0
2082,2024,2,63,2,1,154.8,57.9,24.18,125,73,175.0,97.0,3,888,1,1,0,0
2083,2024,1,37,3,9,165.2,70.9,25.96,118,77,229.0,95.0,2,888,1,1,0,0
2084,2024,2,64,3,1,153.2,51.5,21.95,133,67,156.0,82.0,3,888,2,1,0,0
2085,2024,2,27,3,3,153.9,67.5,28.5,100,70,188.0,96.0,3,888,1,1,0,0
2086,2024,2,48,3,4,150.2,56.1,24.84,128,82,188.0,110.0,3,888,3,1,0,0
2087,2024,1,66,3,2,173.4,75.1,24.98,124,66,166.0,134.0,1,999,3,2,0,0
2088,2024,1,45,2,4,179.2,,,119,66,138.0,,1,6,1,1,0,0
2089,2024,1,59,2,1,164.1,60.2,22.35,132,74,165.0,100.0,1,21,2,1,0,0
2090,2024,1,44,2,2,169.8,73.4,25.47,99,68,189.0,92.0,1,22,2,2,0,0
2091,2024,2,28,3,1,156.4,63.1,25.8,86,59,117.0,73.0,3,888,1,1,0,0
2092,2024,2,45,2,3,152.7,62.8,26.93,110,74,240.0,,1,13,3,2,0,0
2093,2024,2,65,4,2,150.4,74.2,32.8,136,74,150.0,78.0,3,888,3,2,0,0
2094,2024,2,43,2,3,145.8,56.2,26.44,113,65,168.0,128.0,3,888,1,1,0,0
2095,2024,1,62,2,4,176.4,53.1,17.07,115,59,160.0,101.0,3,888,1,1,0,0
2096,2024,2,19,3,4,153.2,84.4,35.93,98,61,157.0,91.0,1,7,2,2,0,0
2097,2024,2,66,3,4,163.8,83.0,30.93,142,78,213.0,115.0,3,888,2,2,0,1
2098,2024,1,24,3,3,168.3,56.7,20.01,95,76,126.0,85.0,1,999,3,2,0,0
2099,2024,2,79,3,4,153.5,60.5,25.68,122,79,226.0,85.0,3,888,1,1,1,1
2100,2024,1,44,2,4,163.7,66.0,24.62,121,75,172.0,88.0,3,888,1,1,0,0
2101,2024,2,53,3,3,156.8,70.6,28.71,999,999,204.0,101.0,1,12,2,2,1,1
2102,2024,1,38,2,2,180.2,68.4,21.04,108,67,147.0,94.0,3,888,2,1,0,0
2103,2024,2,38,1,1,158.6,61.5,24.43,111,75,211.0,92.0,3,888,2,1,0,0
2104,2024,1,70,1,1,176.5,78.5,25.21,128,82,85.0,,1,16,3,1,1,1
2105,2024,2,34,2,1,153.8,49.8,21.06,119,84,174.0,92.0,1,999,1,2,0,0
2106,2024,1,44,3,1,177.2,,,120,80,205.0,101.0,1,18,1,1,0,0
2107,2024,1,20,3,4,173.1,51.8,17.29,93,65,,82.0,1,11,3,2,0,0
2108,2024,2,52,4,2,160.8,61.7,23.86,138,83,111.0,80.0,3,888,2,2,0,0
2109,2024,2,48,3,3,157.6,55.9,22.51,96,69,157.0,67.0,1,14,2,1,1,1
2110,2024,2,55,2,3,160.0,55.3,21.61,126,78,195.0,81.0,3,888,3,1,0,0
2111,2024,2,49,9,1,158.9,50.5,20.0,131,81,103.0,148.0,3,888,3,1,0,0
2112,2024,2,31,1,4,154.5,50.3,21.07,106,51,191.0,106.0,2,888,2,1,0,0
2113,2024,2,55,4,3,164.3,,,107,74,196.0,117.0,2,888,2,2,0,0
2114,2024,1,26,2,3,176.3,60.5,19.45,108,65,,78.0,1,27,2,1,0,0
2115,2024,2,45,1,2,159.7,52.0,20.38,110,77,,82.0,3,888,3,2,0,0
2116,2024,1,41,3,4,172.9,48.6,16.26,68,53,,102.0,3,888,1,1,0,0
2117,2024,2,69,1,4,152.2,45.4,19.62,103,64,215.0,97.0,3,888,1,2,0,0
2118,2024,2,70,1,3,150.6,57.7,25.44,141,87,177.0,86.0,3,888,3,2,1,1
2119,2024,1,47,3,1,176.7,,,121,73,125.0,,1,14,3,1,0,0
2120,2024,1,69,4,3,163.1,60.7,22.82,999,999,194.0,88.0,3,888,2,1,0,0
2121,2024,9,54,3,4,157.3,59.8,24.16,80,64,190.0,61.0,3,888,2,1,0,0
2122,2024,2,63,4,2,143.1,76.3,37.28,128,68,178.0,107.0,2,888,3,1,0,0
2123,2024,1,35,3,3,167.7,45.8,16.28,91,64,169.0,96.0,3,888,2,1,0,0
2124,2024,2,33,3,4,153.9,71.7,30.29,125,64,187.0,66.0,2,888,3,1,0,0
2125,2024,1,38,3,4,163.3,54.0,20.25,96,58,,91.0,2,888,2,1,0,0
2126,2024,2,57,2,1,150.4,53.2,23.52,123,72,161.0,104.0,1,14,1,1,0,0
2127,2024,2,59,2,4,155.0,71.6,29.78,140,76,139.0,122.0,2,888,2,2,1,1
2128,2024,1,61,4,1,168.4,,,132,73,149.0,90.0,3,888,1,1,0,0
2129,2024,2,65,3,1,156.6,70.8,28.87,119,78,248.0,116.0,1,8,1,2,1,1
2130,2024,2,56,3,2,151.3,67.6,29.53,125,82,118.0,91.0,2,888,3,1,0,0
2131,2024,1,54,2,2,166.1,81.4,29.51,115,74,100.0,84.0,2,888,2,2,0,0
2132,2024,1,51,4,2,168.9,61.6,21.61,90,59,139.0,118.0,2,888,2,1,0,0
2133,2024,2,66,3,2,162.3,,,118,80,176.0,,3,888,2,1,0,0
2134,2024,1,38,4,1,170.0,67.8,23.44,101,77,151.0,74.0,3,888,2,1,0,0
2135,2024,2,38,3,2,155.7,45.7,18.87,108,73,148.0,71.0,3,888,2,2,0,0
2136,2024,2,38,9,4,164.4,65.0,24.06,93,64,185.0,88.0,3,888,1,2,0,0
2137,2024,2,39,3,4,159.2,41.5,16.38,111,66,,94.0,3,888,1,1,0,0
2138,2024,2,72,4,9,161.0,68.8,26.56,116,75,219.0,101.0,3,888,2,2,0,0
2139,2024,2,52,9,4,169.2,71.9,25.09,134,74,169.0,,3,888,2,1,0,0
2140,2024,2,55,3,3,150.0,66.4,29.52,999,999,,112.0,3,888,2,1,0,0
2141,2024,2,65,2,4,167.2,70.9,25.36,999,999,220.0,,3,888,2,2,0,0
2142,2024,1,70,2,2,166.4,70.2,25.35,105,67,177.0,97.0,1,12,3,2,0,0
2143,2024,2,65,1,3,153.8,66.0,27.91,112,59,181.0,98.0,3,888,2,2,0,0
2144,2024,2,48,9,4,162.9,66.2,24.94,114,79,176.0,99.0,3,888,2,2,0,0
2145,2024,2,48,1,4,160.2,63.8,24.87,125,76,132.0,107.0,2,888,2,2,0,0
2146,2024,2,59,1,2,149.1,71.1,31.95,121,72,141.0,103.0,1,9,1,2,1,1
2147,2024,1,56,2,3,178.9,79.0,24.67,126,70,188.0,71.0,3,888,2,2,1,1
2148,2024,1,71,4,3,176.2,64.4,20.72,999,999,162.0,89.0,3,888,2,1,0,0
2149,2024,1,45,1,3,170.2,68.7,23.69,111,78,189.0,121.0,1,18,1,1,0,0
2150,2024,2,35,3,3,157.3,69.4,28.07,115,73,183.0,90.0,3,888,2,1,1,1
2151,2024,2,64,1,2,154.9,66.3,27.63,104,63,180.0,67.0,2,888,2,2,0,0
2152,2024,2,22,2,4,156.5,75.1,30.67,109,58,151.0,111.0,3,888,1,2,0,0
2153,2024,1,71,3,3,167.5,46.3,16.5,114,67,,63.0,3,888,2,2,0,0
2154,2024,2,56,1,1,160.6,49.5,19.19,114,65,118.0,105.0,3,888,1,1,0,0
2155,2024,1,58,3,1,162.9,,,113,65,173.0,115.0,1,25,3,2,0,0
2156,2024,2,60,4,3,143.2,,,116,72,178.0,81.0,3,888,2,2,0,0
2157,2024,1,81,2,1,162.4,49.9,18.92,139,84,214.0,83.0,2,888,1,1,1,1
2158,2024,2,41,2,1,159.0,,,109,69,172.0,123.0,3,888,2,2,1,1
2159,2024,1,40,1,3,177.3,78.1,24.84,115,73,114.0,107.0,2,888,2,1,1,1
2160,2024,2,83,1,1,155.9,58.4,24.02,159,101,170.0,112.0,9,999,1,1,0,1
2161,2024,1,39,4,2,168.5,68.8,24.23,143,82,164.0,61.0,1,999,2,2,0,1
2162,2024,2,75,3,3,163.7,,,146,89,160.0,102.0,1,7,1,1,1,1
2163,2024,1,76,3,1,169.5,67.0,23.31,999,999,174.0,69.0,1,999,2,2,0,0
2164,2024,1,52,2,2,161.1,64.5,24.87,132,85,199.0,101.0,1,7,1,2,1,1
2165,2024,1,54,3,4,174.3,,,120,71,196.0,97.0,1,16,1,1,0,0
2166,2024,1,44,2,1,177.6,69.7,22.09,122,70,148.0,,3,888,2,1,0,0
2167,2024,1,60,4,3,174.0,82.7,27.32,117,67,,87.0,3,888,2,1,0,0
2168,2024,2,33,1,1,147.5,61.5,28.28,119,61,170.0,81.0,2,888,3,1,0,0
2169,2024,1,79,2,1,163.8,68.9,25.68,142,92,,94.0,3,888,2,2,0,1
2170,2024,2,61,3,3,162.2,64.4,24.49,118,57,159.0,77.0,3,888,1,1,0,0
2171,2024,1,45,3,3,173.9,72.6,24.02,97,60,171.0,40.0,3,888,1,1,0,0
2172,2024,2,21,3,2,173.0,40.4,13.51,92,63,177.0,93.0,3,888,3,1,0,0
2173,2024,1,34,1,1,171.6,66.5,22.59,122,82,183.0,,1,17,2,2,0,0
2174,2024,1,52,4,4,172.1,66.4,22.41,106,58,197.0,90.0,2,888,2,1,0,0
2175,2024,2,62,3,4,148.4,47.1,21.4,999,999,172.0,101.0,2,888,3,1,1,1
2176,2024,2,48,1,3,156.2,55.7,22.82,106,76,188.0,80.0,3,888,1,2,0,0
2177,2024,2,40,2,4,154.4,,,119,71,117.0,112.0,3,888,2,1,0,0
2178,2024,1,71,3,2,167.9,72.3,25.67,126,70,204.0,114.0,3,888,1,2,0,0
2179,2024,1,36,2,4,178.7,69.9,21.9,110,59,172.0,64.0,1,19,3,1,0,0
2180,2024,1,77,2,3,177.7,76.8,24.34,132,72,180.0,101.0,3,888,1,1,0,0
2181,2024,1,57,3,1,161.0,58.0,22.37,129,75,,109.0,1,10,3,2,0,0
2182,2024,2,56,3,1,160.3,68.5,26.66,96,60,164.0,90.0,3,888,3,1,0,0
2183,2024,1,67,3,4,162.3,86.7,32.92,125,77,157.0,106.0,3,888,2,2,0,0
2184,2024,1,51,3,2,168.5,70.9,24.99,105,72,185.0,70.0,1,999,2,1,0,0
2185,2024,2,57,1,1,152.1,51.8,22.4,131,75,170.0,,3,888,2,1,0,0
2186,2024,2,48,4,3,153.1,59.1,25.23,125,87,163.0,91.0,3,888,2,1,0,0
2187,2024,2,74,4,4,152.7,53.4,22.91,113,76,195.0,,3,888,3,1,0,0
2188,2024,1,30,4,4,178.0,60.9,19.23,62,45,103.0,64.0,3,888,1,2,0,0
2189,2024,2,65,3,2,144.1,67.3,32.44,105,66,,97.0,3,888,1,2,0,0
2190,2024,2,45,9,4,164.2,41.8,15.5,126,70,,94.0,3,888,2,1,0,0
2191,2024,1,57,2,1,174.1,68.5,22.6,999,999,165.0,103.0,3,888,2,1,0,0
2192,2024,2,38,2,2,151.8,,,106,73,168.0,74.0,3,888,2,1,0,0
2193,2024,2,58,3,3,155.1,75.2,31.26,139,74,164.0,111.0,3,888,3,2,1,1
2194,2024,1,59,1,1,175.2,61.6,20.09,129,82,160.0,91.0,3,888,2,2,0,0
2195,2024,1,36,4,4,173.2,72.4,24.12,122,84,222.0,98.0,3,888,2,1,0,0
2196,2024,1,64,2,1,160.9,70.2,27.11,119,60,182.0,82.0,2,888,1,1,0,0
2197,2024,9,19,4,4,174.4,51.5,16.93,102,63,191.0,91.0,1,16,1,1,0,0
2198,2024,1,65,2,9,165.2,66.4,24.33,98,59,149.0,,1,2,3,1,0,0
2199,2024,2,27,3,1,161.7,60.1,22.97,128,72,129.0,89.0,1,20,3,1,0,0
2200,2024,2,52,3,4,168.3,58.7,20.72,99,62,163.0,104.0,1,11,3,2,0,0
2201,2024,1,19,3,3,164.2,67.6,25.07,101,65,198.0,75.0,2,888,1,1,0,0
2202,2024,2,42,2,1,156.9,60.4,24.53,153,91,140.0,72.0,1,10,3,2,0,1
2203,2024,2,37,4,2,160.8,,,127,76,,83.0,3,888,2,1,0,0
2204,2024,1,62,3,2,176.2,71.0,22.89,999,999,164.0,70.0,3,888,1,1,0,0
2205,2024,1,44,3,2,178.7,67.7,21.18,104,86,180.0,86.0,1,999,2,1,0,0
2206,2024,2,34,3,3,159.4,57.6,22.68,119,73,172.0,102.0,3,888,2,2,0,0
2207,2024,1,48,3,3,171.1,63.7,21.74,113,84,151.0,79.0,2,888,1,1,0,0
2208,2024,2,34,9,4,156.1,52.9,21.73,96,64,175.0,100.0,3,888,1,2,0,0
2209,2024,2,59,3,3,150.2,53.6,23.74,999,999,197.0,,1,8,3,1,0,1
2210,2024,1,45,3,4,157.0,65.1,26.41,118,79,185.0,103.0,3,888,1,1,0,0
2211,2024,2,48,4,1,157.6,,,112,63,171.0,101.0,2,888,2,1,0,0
2212,2024,2,40,1,2,157.1,69.5,28.14,137,72,176.0,,3,888,2,1,0,0
2213,2024,1,35,3,3,165.6,65.9,24.04,76,65,,100.0,3,888,3,2,0,0
2214,2024,1,66,3,9,174.2,,,97,73,146.0,71.0,2,888,2,2,0,0
2215,2024,1,55,1,1,171.3,61.7,21.01,106,77,199.0,93.0,1,8,2,1,0,0
2216,2024,2,19,3,2,160.6,52.8,20.47,999,999,86.0,86.0,3,888,3,1,0,0
2217,2024,2,37,3,1,158.0,,,102,67,,83.0,3,888,2,2,0,0
2218,2024,2,75,2,1,160.2,56.1,21.85,130,88,175.0,77.0,3,888,2,1,1,1
2219,2024,2,52,2,2,163.8,76.0,28.31,129,56,,100.0,3,888,2,1,1,1
2220,2024,2,37,3,4,153.9,46.2,19.48,80,54,151.0,93.0,2,888,1,1,0,0
2221,2024,1,51,4,4,170.2,65.4,22.6,115,63,193.0,80.0,3,888,1,1,0,0
2222,2024,1,45,3,3,173.2,68.4,22.79,122,74,146.0,73.0,3,888,2,1,0,0
2223,2024,1,76,3,3,174.5,63.5,20.87,134,75,174.0,99.0,1,9,2,2,1,1
2224,2024,1,60,3,4,167.4,72.3,25.8,105,59,170.0,106.0,3,888,1,2,0,0
2225,2024,2,60,3,2,164.3,45.5,16.83,129,82,166.0,89.0,3,888,2,2,0,0
2226,2024,2,42,9,4,160.5,70.6,27.4,84,56,148.0,118.0,3,888,1,2,0,0
2227,2024,2,88,4,1,161.2,56.9,21.88,999,999,118.0,101.0,3,888,3,1,1,1
2228,2024,2,21,2,4,166.2,70.6,25.56,117,76,189.0,,3,888,2,1,0,0
2229,2024,1,52,4,3,171.3,,,118,75,156.0,107.0,1,12,1,2,0,0
2230,2024,1,42,3,4,178.0,63.3,19.97,141,87,179.0,77.0,3,888,1,2,0,1
2231,2024,1,35,2,2,175.2,49.8,16.23,111,75,215.0,95.0,1,9,2,1,0,0
2232,2024,2,35,3,3,153.5,,,116,65,156.0,94.0,2,888,1,1,0,0
2233,2024,2,55,3,2,166.0,81.1,29.46,133,83,196.0,117.0,3,888,1,2,1,1
2234,2024,2,62,1,3,158.2,72.5,28.99,134,72,184.0,98.0,1,999,3,1,0,0
2235,2024,1,58,1,9,165.1,62.4,22.89,141,81,128.0,74.0,1,11,3,1,0,1
2236,2024,1,40,2,3,181.5,58.8,17.86,999,999,93.0,111.0,1,17,2,1,0,0
2237,2024,2,63,2,3,149.1,58.1,26.13,162,95,,91.0,3,888,3,1,0,1
2238,2024,2,38,3,3,176.2,84.7,27.28,137,65,156.0,83.0,1,6,1,1,0,0
2239,2024,2,67,2,2,151.7,56.0,24.36,129,77,141.0,,3,888,2,2,1,1
2240,2024,2,78,2,2,161.4,64.9,24.92,135,63,125.0,101.0,3,888,2,2,0,0
2241,2024,2,34,2,1,160.3,62.0,24.12,105,54,,89.0,2,888,2,1,0,0
2242,2024,1,49,2,1,164.3,64.0,23.71,106,63,192.0,101.0,1,11,2,1,0,0
2243,2024,1,35,4,4,171.2,55.9,19.06,110,67,158.0,59.0,3,888,1,1,0,0
2244,2024,1,69,3,3,164.9,63.6,23.39,116,70,234.0,,3,888,3,1,1,1
2245,2024,1,32,3,3,179.7,67.1,20.77,90,63,215.0,81.0,1,1,1,2,0,0
2246,2024,1,49,3,3,177.2,,,101,67,196.0,91.0,2,888,2,2,0,0
2247,2024,2,56,3,3,147.6,72.9,33.47,100,72,184.0,89.0,2,888,1,2,0,0
2248,2024,2,19,1,2,151.7,44.4,19.29,111,71,146.0,112.0,1,14,1,1,0,0
2249,2024,2,68,3,4,160.5,61.1,23.7,126,74,172.0,84.0,3,888,3,2,0,0
2250,2024,2,56,2,3,150.5,58.7,25.92,111,78,168.0,,2,888,2,1,1,1
2251,2024,2,47,2,3,162.0,76.7,29.23,147,86,183.0,104.0,2,888,1,1,0,1
2252,2024,2,89,4,3,143.9,74.6,36.03,130,77,162.0,,3,888,3,1,1,1
2253,2024,1,89,1,1,186.2,,,125,85,,124.0,3,888,1,1,1,1
2254,2024,1,38,2,1,169.2,,,112,84,186.0,61.0,1,15,3,2,0,0
2255,2024,1,59,4,3,173.6,64.3,21.31,104,75,135.0,101.0,1,10,1,2,0,0
2256,2024,1,33,4,1,176.7,74.3,23.8,97,62,219.0,100.0,3,888,2,2,0,0
2257,2024,2,39,2,3,154.8,63.2,26.39,118,83,172.0,88.0,3,888,1,1,1,1
2258,2024,2,62,2,3,158.8,55.1,21.84,999,999,152.0,108.0,3,888,2,2,0,0
2259,2024,2,63,3,1,158.1,75.3,30.14,134,73,153.0,109.0,3,888,1,2,0,0
2260,2024,2,54,3,1,162.8,70.9,26.74,130,69,,,3,888,3,1,0,0
2261,2024,2,68,3,3,163.5,61.5,23.0,113,69,127.0,111.0,3,888,2,2,0,0
2262,2024,2,35,3,4,153.6,72.0,30.52,112,74,168.0,85.0,2,888,2,2,0,0
2263,2024,1,66,3,3,167.8,57.0,20.22,116,83,162.0,87.0,1,10,1,2,0,0
2264,2024,2,36,1,1,163.8,72.7,27.1,131,80,144.0,,1,25,3,1,0,0
2265,2024,2,37,2,3,160.4,59.2,23.01,91,68,142.0,68.0,3,888,2,1,0,0
2266,2024,2,62,2,2,157.7,65.5,26.35,152,81,109.0,85.0,3,888,3,1,0,1
2267,2024,2,50,1,2,170.2,67.2,23.2,118,69,184.0,98.0,2,888,2,1,0,0
2268,2024,1,62,3,4,172.8,60.3,20.19,127,66,220.0,97.0,3,888,1,2,0,0
2269,2024,1,58,4,3,167.2,54.9,19.63,96,63,152.0,,3,888,2,1,0,0
2270,2024,2,56,2,1,155.6,,,115,68,169.0,102.0,1,8,2,2,0,0
2271,2024,1,55,3,4,167.2,73.2,26.17,139,82,172.0,71.0,3,888,3,1,0,0
2272,2024,2,57,2,1,147.4,71.6,32.96,999,999,200.0,94.0,3,888,1,1,0,1
2273,2024,1,57,3,1,162.8,67.1,25.3,116,73,128.0,66.0,3,888,2,1,0,0
2274,2024,2,45,3,3,163.2,67.6,25.39,110,65,163.0,61.0,3,888,2,1,0,0
2275,2024,2,66,4,4,157.5,60.8,24.53,122,73,,103.0,3,888,1,1,1,1
2276,2024,2,44,4,2,157.7,65.7,26.4,137,81,195.0,103.0,3,888,2,1,0,0
2277,2024,2,60,2,2,155.9,58.4,24.03,114,60,210.0,119.0,1,7,2,2,0,0
2278,2024,2,54,2,9,163.1,74.1,27.87,110,61,190.0,104.0,1,13,2,2,0,0
2279,2024,1,81,4,3,181.8,,,999,999,151.0,101.0,2,888,2,1,1,1
2280,2024,2,38,1,4,156.8,55.9,22.72,118,74,196.0,103.0,3,888,1,2,0,0
2281,2024,2,50,3,3,158.5,63.9,25.41,121,80,173.0,86.0,3,888,2,2,0,0
2282,2024,2,44,3,1,160.5,57.9,22.47,112,64,170.0,83.0,3,888,3,2,0,0
2283,2024,2,19,4,1,161.5,52.9,20.3,101,58,89.0,88.0,2,888,1,2,0,0
2284,2024,2,65,2,2,146.9,60.3,27.94,141,76,231.0,83.0,1,13,2,1,0,1
2285,2024,1,39,4,4,183.6,68.7,20.37,107,64,158.0,93.0,2,888,3,1,0,0
2286,2024,1,55,2,2,161.6,59.6,22.82,118,62,206.0,,3,888,3,1,0,0
2287,2024,1,81,3,3,177.3,79.2,25.22,142,84,208.0,111.0,3,888,2,1,0,1
2288,2024,1,44,3,3,172.7,65.5,21.97,115,69,181.0,93.0,3,888,2,2,0,0
2289,2024,2,40,1,3,155.6,66.1,27.3,112,66,195.0,112.0,2,888,1,1,0,0
2290,2024,2,48,3,3,163.7,57.8,21.55,109,73,209.0,,3,888,1,1,0,0
2291,2024,1,73,1,4,185.7,,,124,85,192.0,100.0,1,15,2,2,0,0
2292,2024,1,58,2,2,170.5,,,129,75,130.0,108.0,1,12,2,1,0,0
2293,2024,2,34,1,2,167.7,81.1,28.82,107,69,,88.0,3,888,2,1,0,0
2294,2024,2,54,4,2,164.5,58.6,21.65,79,60,173.0,79.0,3,888,1,2,0,0
2295,2024,2,59,1,1,171.1,58.9,20.11,139,78,173.0,80.0,3,888,2,1,1,1
2296,2024,2,52,4,2,162.6,65.2,24.67,128,57,175.0,107.0,3,888,1,1,0,0
2297,2024,2,45,9,4,156.2,66.5,27.28,121,73,108.0,127.0,3,888,1,1,0,0
2298,2024,2,33,3,4,147.9,,,114,76,143.0,,3,888,1,2,0,0
2299,2024,1,40,4,4,166.2,,,118,71,,108.0,3,888,1,1,0,0
2300,2024,2,53,4,2,159.6,,,128,59,190.0,84.0,3,888,1,1,0,0
2301,2024,1,48,3,1,170.9,52.3,17.9,122,78,148.0,65.0,3,888,3,2,0,0
2302,2024,1,49,3,3,164.9,48.9,17.98,130,89,,89.0,2,888,1,1,0,0
2303,2024,1,24,4,2,172.6,,,104,75,116.0,83.0,1,7,2,1,0,0
2304,2024,2,30,3,3,165.6,62.3,22.71,107,71,161.0,65.0,3,888,3,2,0,0
2305,2024,1,43,3,4,176.0,,,115,63,153.0,75.0,3,888,3,2,0,0
2306,2024,2,62,1,9,155.3,54.2,22.47,113,69,159.0,108.0,3,888,3,1,0,0
2307,2024,2,67,4,4,145.3,68.3,32.35,148,83,197.0,120.0,3,888,3,2,0,1
2308,2024,2,31,2,1,156.9,49.6,20.14,117,74,,84.0,9,999,3,2,0,0
2309,2024,1,64,4,2,166.2,68.2,24.69,110,75,170.0,62.0,1,22,2,2,0,0
2310,2024,1,42,3,2,166.6,60.1,21.66,88,56,,54.0,3,888,2,2,0,0
2311,2024,1,48,3,1,173.4,65.0,21.63,113,61,,94.0,3,888,1,1,0,0
2312,2024,1,60,9,2,175.2,76.1,24.78,134,65,141.0,73.0,3,888,2,1,0,0
2313,2024,2,61,2,3,161.8,80.3,30.7,136,85,200.0,126.0,3,888,1,1,0,0
2314,2024,2,52,3,3,158.8,54.8,21.74,125,85,,100.0,1,9,2,1,1,1
2315,2024,1,49,2,9,165.4,60.8,22.23,118,55,147.0,98.0,1,8,1,2,0,0
2316,2024,1,57,4,2,167.4,63.6,22.71,119,68,168.0,72.0,3,888,1,1,0,0
2317,2024,2,43,3,1,167.5,54.9,19.58,106,72,187.0,67.0,1,11,2,1,0,0
2318,2024,1,55,3,4,166.7,77.1,27.73,129,90,201.0,92.0,2,888,3,2,0,1
2319,2024,2,81,4,4,156.8,,,147,73,195.0,83.0,3,888,2,1,0,1
2320,2024,1,64,4,2,172.7,76.0,25.47,149,69,193.0,75.0,3,888,3,1,1,1
2321,2024,2,49,4,2,154.6,62.4,26.12,95,65,145.0,93.0,2,888,2,1,0,0
2322,2024,2,19,3,3,152.6,57.8,24.82,70,47,134.0,73.0,3,888,1,2,0,0
2323,2024,2,34,3,4,159.1,61.0,24.11,124,67,212.0,80.0,1,8,3,1,0,0
2324,2024,2,39,4,2,166.5,51.6,18.61,101,60,185.0,89.0,3,888,2,1,0,0
2325,2024,1,84,1,1,170.1,,,999,999,227.0,73.0,9,999,2,1,0,0
2326,2024,2,72,3,1,164.7,58.5,21.57,136,81,147.0,55.0,2,888,1,2,1,1
2327,2024,1,55,1,1,169.7,47.1,16.36,113,72,146.0,118.0,3,888,2,2,0,0
2328,2024,2,72,2,2,162.3,,,145,84,170.0,101.0,3,888,3,1,0,1
2329,2024,1,65,4,2,168.2,82.2,29.05,999,999,197.0,111.0,2,888,1,1,0,1
2330,2024,1,35,3,3,164.3,60.2,22.32,140,84,181.0,106.0,3,888,2,1,0,1
2331,2024,1,37,4,3,174.6,57.6,18.9,99,77,145.0,75.0,3,888,2,2,0,0
2332,2024,2,73,3,3,161.5,86.3,33.08,134,69,,68.0,1,24,1,2,0,0
2333,2024,2,54,2,4,156.6,64.1,26.13,110,72,,76.0,2,888,3,1,0,0
2334,2024,2,37,1,1,157.8,,,91,58,66.0,70.0,3,888,3,2,0,0
2335,2024,1,65,1,9,181.2,63.3,19.26,999,999,146.0,95.0,2,888,1,1,0,0
2336,2024,1,50,2,1,182.2,49.7,14.95,98,70,148.0,97.0,2,888,2,1,0,0
2337,2024,2,60,2,3,151.5,70.0,30.48,108,60,,98.0,3,888,1,1,0,0
2338,2024,2,57,3,9,151.8,66.8,29.0,119,76,104.0,119.0,3,888,3,1,0,0
2339,2024,2,83,2,3,153.9,53.6,22.62,999,999,217.0,,2,888,1,2,1,1
2340,2024,2,73,2,2,156.6,72.1,29.4,145,78,183.0,119.0,3,888,2,1,1,1
2341,2024,1,40,3,2,161.2,65.8,25.29,112,64,218.0,96.0,3,888,2,1,0,0
2342,2024,2,70,3,3,157.1,70.8,28.69,127,79,181.0,79.0,3,888,2,2,0,0
2343,2024,2,59,4,4,152.9,58.6,25.04,147,90,148.0,78.0,3,888,1,1,1,1
2344,2024,1,60,1,2,165.0,82.2,30.22,148,78,176.0,,2,888,3,1,1,1
2345,2024,1,52,1,4,179.3,,,128,75,178.0,,1,12,2,2,0,0
2346,2024,2,40,3,1,159.7,82.5,32.37,109,64,171.0,73.0,2,888,2,2,0,0
2347,2024,1,70,2,3,178.9,,,111,72,206.0,100.0,3,888,2,2,0,0
2348,2024,2,42,2,9,158.6,,,98,67,154.0,103.0,2,888,2,1,0,0
2349,2024,1,46,2,1,168.1,67.7,23.96,108,73,226.0,79.0,3,888,2,2,0,0
2350,2024,1,41,4,4,165.8,,,90,70,170.0,91.0,3,888,1,1,0,0
2351,2024,1,62,4,1,167.4,83.6,29.84,999,999,173.0,106.0,2,888,3,2,0,0
2352,2024,2,25,1,2,163.5,,,103,59,138.0,93.0,2,888,1,2,0,0
2353,2024,2,46,1,4,168.8,67.3,23.64,102,76,,,2,888,2,2,0,0
2354,2024,2,33,4,4,151.1,50.1,21.95,113,71,86.0,84.0,3,888,2,1,0,0
2355,2024,2,53,3,2,160.7,53.7,20.79,999,999,187.0,50.0,3,888,2,1,0,0
2356,2024,2,72,3,2,170.1,52.9,18.29,129,73,,,3,888,2,1,0,0
2357,2024,2,53,3,3,159.6,59.7,23.46,131,62,206.0,81.0,3,888,2,1,0,0
2358,2024,1,71,1,1,169.2,77.3,26.99,146,81,201.0,,1,14,3,1,1,1
2359,2024,1,69,3,3,167.0,94.8,34.0,126,66,154.0,122.0,3,888,2,1,1,1
2360,2024,2,76,2,1,158.2,74.2,29.63,142,82,165.0,116.0,9,999,1,2,0,1
2361,2024,1,38,3,2,164.5,,,126,69,,92.0,1,8,2,2,0,0
2362,2024,1,45,4,3,165.6,63.8,23.27,102,56,170.0,87.0,1,11,3,2,0,0
2363,2024,2,47,3,1,160.7,52.9,20.49,91,74,172.0,100.0,3,888,1,1,0,0
2364,2024,2,53,4,2,147.4,60.9,28.04,125,85,127.0,92.0,3,888,1,1,0,0
2365,2024,1,37,9,2,166.9,,,122,86,213.0,,3,888,2,1,0,0
2366,2024,2,43,9,2,162.1,66.1,25.17,130,65,208.0,94.0,3,888,2,2,0,0
2367,2024,1,56,9,3,171.7,46.1,15.65,126,68,,83.0,1,20,2,1,1,1
2368,2024,2,53,4,1,158.3,63.9,25.5,117,70,207.0,101.0,3,888,2,2,0,0
2369,2024,1,56,9,1,170.9,73.3,25.09,113,57,175.0,101.0,3,888,1,2,0,0
2370,2024,2,45,2,2,166.8,78.1,28.06,100,66,168.0,68.0,2,888,1,2,0,0
2371,2024,2,78,3,2,168.6,80.8,28.45,136,69,227.0,103.0,2,888,3,1,0,0
2372,2024,1,41,1,3,165.5,60.6,22.13,104,70,161.0,45.0,3,888,2,2,1,1
2373,2024,2,42,3,4,156.5,48.8,19.92,115,83,207.0,70.0,3,888,2,2,0,0
2374,2024,2,67,3,1,153.3,69.6,29.62,120,68,212.0,76.0,3,888,3,2,0,0
2375,2024,2,55,2,1,163.4,50.6,18.94,125,72,165.0,81.0,2,888,3,2,0,0
2376,2024,1,45,1,4,170.6,,,139,74,134.0,97.0,1,12,1,1,0,0
2377,2024,2,33,3,4,152.0,42.0,18.17,104,52,173.0,67.0,3,888,3,1,0,0
2378,2024,2,64,4,4,152.9,54.7,23.39,999,999,192.0,99.0,2,888,3,1,0,0
2379,2024,1,62,3,2,173.4,,,132,74,141.0,100.0,3,888,1,2,0,0
2380,2024,2,85,3,9,159.0,,,140,81,193.0,131.0,2,888,3,2,0,1
2381,2024,1,46,2,1,181.3,,,999,999,125.0,98.0,3,888,3,1,0,0
2382,2024,2,45,3,3,154.6,61.4,25.7,120,82,148.0,88.0,3,888,2,2,1,1
2383,2024,1,51,3,3,152.8,49.0,20.98,125,74,164.0,99.0,2,888,2,1,0,0
2384,2024,1,45,4,3,165.0,,,115,72,243.0,95.0,2,888,1,2,0,0
2385,2024,2,46,2,3,158.5,59.6,23.71,97,57,188.0,104.0,3,888,2,2,0,0
2386,2024,2,51,3,4,155.4,60.8,25.18,118,67,138.0,,3,888,3,1,0,0
2387,2024,2,58,3,2,166.9,62.1,22.3,103,70,179.0,,1,15,2,1,0,0
2388,2024,2,71,3,4,165.5,61.8,22.57,999,999,169.0,,3,888,1,2,0,0
2389,2024,1,50,3,4,164.2,52.3,19.4,102,66,192.0,,2,888,1,1,0,0
2390,2024,2,35,2,3,158.4,56.2,22.4,113,63,179.0,81.0,3,888,1,1,0,0
2391,2024,1,38,3,2,179.0,73.5,22.93,115,64,176.0,111.0,1,28,3,1,0,0
2392,2024,2,50,3,4,154.9,89.0,37.11,128,68,217.0,117.0,2,888,3,2,0,0
2393,2024,2,28,3,3,157.8,54.5,21.88,94,57,165.0,,3,888,1,1,0,0
2394,2024,1,46,1,3,177.7,,,126,56,179.0,,1,11,2,1,0,0
2395,2024,1,41,4,3,172.2,,,112,65,139.0,98.0,3,888,2,2,0,0
2396,2024,2,47,3,3,159.8,65.1,25.5,120,74,193.0,109.0,3,888,3,2,1,1
2397,2024,2,50,3,4,161.2,73.4,28.26,92,66,,74.0,1,999,1,2,0,0
2398,2024,1,33,4,3,176.8,75.6,24.18,108,82,137.0,118.0,2,888,2,1,0,0
2399,2024,2,71,3,1,166.1,,,146,73,156.0,90.0,3,888,3,1,0,1
2400,2024,1,28,1,9,169.8,,,93,63,104.0,100.0,3,888,1,1,0,0
2401,2024,2,28,1,1,166.1,53.7,19.46,102,70,147.0,,3,888,2,2,0,0
2402,2024,1,32,4,3,165.9,55.7,20.22,123,68,161.0,77.0,3,888,3,1,0,0
2403,2024,2,49,1,1,154.3,82.8,34.78,119,80,180.0,124.0,3,888,2,2,0,0
2404,2024,2,64,2,3,151.0,60.3,26.45,999,999,155.0,80.0,3,888,2,2,0,0
2405,2024,1,53,4,9,175.0,72.3,23.62,107,58,192.0,93.0,1,20,1,2,0,0
2406,2024,1,68,3,9,172.3,66.5,22.4,96,53,,90.0,3,888,3,2,0,0
2407,2024,2,44,2,2,154.2,80.8,33.97,105,67,222.0,99.0,3,888,1,2,0,0
2408,2024,2,41,2,1,158.6,58.4,23.21,113,68,175.0,70.0,3,888,3,2,0,0
2409,2024,2,40,3,4,162.1,61.2,23.27,100,83,199.0,116.0,3,888,2,2,0,0
2410,2024,1,64,2,1,166.4,,,132,70,182.0,105.0,1,999,1,1,0,0
2411,2024,1,53,3,3,179.1,67.3,20.97,117,78,163.0,97.0,1,15,3,2,0,0
2412,2024,1,44,2,2,172.1,63.0,21.26,128,73,167.0,70.0,1,17,1,1,0,0
2413,2024,2,29,3,3,153.2,66.7,28.4,100,54,218.0,90.0,3,888,1,1,0,0
2414,2024,2,55,3,1,156.9,58.9,23.92,123,75,173.0,113.0,3,888,1,1,0,0
2415,2024,2,29,2,9,160.6,74.7,28.97,93,52,125.0,72.0,2,888,3,2,0,0
2416,2024,2,47,4,4,154.0,52.6,22.19,81,54,153.0,99.0,3,888,2,2,0,0
2417,2024,2,59,3,9,153.2,62.4,26.62,121,68,139.0,89.0,2,888,2,1,0,0
2418,2024,2,40,3,4,164.7,,,115,65,206.0,84.0,1,21,2,1,0,0
2419,2024,1,54,2,3,165.0,54.8,20.1,141,77,171.0,85.0,1,20,2,1,1,1
2420,2024,1,43,4,2,167.7,66.9,23.81,112,55,,96.0,1,13,3,2,0,0
2421,2024,2,77,2,2,165.4,53.9,19.71,999,999,227.0,89.0,1,16,3,1,1,1
2422,2024,1,58,3,1,152.5,58.0,24.95,107,65,127.0,85.0,3,888,1,1,0,0
2423,2024,2,44,1,2,152.8,45.5,19.47,118,72,,73.0,3,888,2,2,0,0
2424,2024,1,25,2,3,167.7,75.3,26.78,132,81,,77.0,3,888,1,2,0,0
2425,2024,1,29,2,4,184.1,70.1,20.68,103,59,92.0,,3,888,1,1,0,0
2426,2024,1,55,4,4,175.9,,,106,67,171.0,78.0,2,888,2,1,0,0
2427,2024,1,45,3,4,167.8,72.1,25.6,125,73,159.0,102.0,1,19,1,1,0,0
2428,2024,2,31,3,4,154.4,,,102,50,,81.0,2,888,3,2,0,0
2429,2024,1,62,3,9,183.5,81.1,24.08,133,71,182.0,114.0,2,888,2,1,0,0
2430,2024,1,54,3,3,165.6,,,135,84,183.0,75.0,3,888,2,2,0,0
2431,2024,1,66,2,2,177.5,78.7,24.95,112,75,,84.0,3,888,2,1,0,0
2432,2024,1,36,4,2,166.0,67.7,24.57,123,71,,93.0,1,18,1,2,0,0
2433,2024,1,22,3,4,171.2,61.4,20.96,111,79,174.0,66.0,3,888,3,2,0,0
2434,2024,2,63,2,3,151.6,60.1,26.15,147,86,,99.0,1,6,2,1,0,1
2435,2024,1,74,4,3,168.6,71.9,25.29,113,75,204.0,89.0,1,8,2,1,0,0
2436,2024,1,59,3,3,168.9,79.6,27.92,123,75,172.0,118.0,2,888,3,1,1,1
2437,2024,9,41,4,2,170.4,64.9,22.37,143,94,194.0,96.0,1,5,2,1,0,1
2438,2024,9,81,2,2,177.4,71.2,22.62,148,77,150.0,106.0,3,888,3,1,1,1
2439,2024,1,47,2,1,167.7,67.2,23.89,125,72,172.0,91.0,1,1,3,2,0,0
2440,2024,1,62,3,4,169.1,,,123,58,174.0,83.0,3,888,2,2,0,0
2441,2024,2,40,3,1,152.3,55.2,23.8,105,55,,86.0,3,888,1,1,0,0
2442,2024,1,62,2,1,173.1,61.3,20.45,999,999,173.0,77.0,3,888,1,1,0,0
2443,2024,2,38,1,3,156.9,,,110,82,197.0,94.0,3,888,1,2,0,0
2444,2024,2,61,3,4,158.7,56.1,22.28,133,62,140.0,68.0,3,888,1,1,1,1
2445,2024,1,61,3,2,168.2,,,999,999,213.0,97.0,3,888,1,1,0,0
2446,2024,2,58,2,1,158.2,56.9,22.73,138,82,213.0,61.0,3,888,1,1,0,0
2447,2024,2,54,4,4,143.9,49.0,23.67,118,82,166.0,107.0,3,888,2,1,0,0
2448,2024,1,52,3,4,180.7,70.1,21.48,96,60,178.0,106.0,3,888,1,2,0,0
2449,2024,1,67,3,4,184.1,79.7,23.5,142,75,195.0,103.0,1,10,2,2,0,1
2450,2024,2,47,4,4,154.1,63.7,26.83,118,69,225.0,95.0,2,888,2,1,0,0
2451,2024,1,65,4,4,168.2,,,999,999,185.0,108.0,1,19,3,1,0,0
2452,2024,1,48,3,4,162.3,,,111,67,138.0,,3,888,3,1,0,0
2453,2024,2,67,2,2,157.4,72.5,29.23,130,84,240.0,119.0,2,888,1,1,0,0
2454,2024,2,66,2,9,163.9,,,136,73,173.0,77.0,3,888,2,1,0,0
2455,2024,2,59,1,3,153.3,72.5,30.88,146,85,209.0,89.0,3,888,3,1,0,1
2456,2024,2,56,3,1,146.7,51.9,24.11,118,69,143.0,109.0,2,888,2,1,0,0
2457,2024,1,55,2,1,173.2,,,132,79,161.0,107.0,1,13,2,2,0,0
2458,2024,2,61,3,9,155.8,56.5,23.28,130,86,192.0,114.0,3,888,1,2,0,0
2459,2024,1,81,2,1,166.9,,,145,67,219.0,124.0,1,6,2,1,1,1
2460,2024,1,47,4,3,167.6,,,122,84,129.0,100.0,1,14,3,1,0,0
2461,2024,1,31,3,3,171.4,64.3,21.9,116,75,127.0,114.0,1,14,3,1,0,0
2462,2024,2,83,3,2,158.2,64.8,25.87,137,79,222.0,82.0,2,888,2,2,0,0
2463,2024,2,35,3,3,155.2,,,123,69,163.0,102.0,3,888,2,2,0,0
2464,2024,1,63,1,9,164.8,63.3,23.32,148,84,180.0,106.0,1,16,1,1,0,1
2465,2024,2,54,2,1,159.8,73.3,28.72,133,77,155.0,73.0,2,888,2,2,0,0
2466,2024,2,62,1,2,153.8,73.7,31.19,149,88,132.0,93.0,3,888,3,1,1,1
2467,2024,1,56,4,4,171.3,64.4,21.96,999,999,,92.0,3,888,3,1,0,0
2468,2024,1,45,9,3,163.2,71.9,26.98,111,70,206.0,138.0,1,25,2,1,0,0
2469,2024,1,65,2,9,168.2,,,999,999,208.0,112.0,2,888,1,1,0,0
2470,2024,2,65,3,4,156.7,,,139,89,178.0,117.0,3,888,2,1,0,0
2471,2024,1,44,4,4,168.6,52.1,18.34,90,63,122.0,83.0,3,888,1,1,0,0
2472,2024,2,50,2,2,149.4,64.9,29.07,111,61,143.0,100.0,3,888,2,2,0,0
2473,2024,1,60,3,2,180.1,64.9,20.02,999,999,133.0,79.0,1,15,1,2,0,0
2474,2024,2,29,4,4,167.8,85.0,30.18,103,68,142.0,113.0,3,888,3,1,0,0
2475,2024,2,28,3,2,154.2,60.0,25.24,82,58,189.0,52.0,9,999,2,2,0,0
2476,2024,2,47,1,9,150.8,53.7,23.63,104,58,210.0,77.0,2,888,1,2,0,0
2477,2024,2,54,4,2,156.7,51.8,21.07,114,77,158.0,76.0,3,888,1,1,0,0
2478,2024,2,59,3,2,154.8,65.1,27.2,140,76,170.0,106.0,3,888,1,2,0,0
2479,2024,1,37,2,4,177.9,72.1,22.76,117,76,,74.0,3,888,1,1,0,0
2480,2024,1,38,2,2,167.4,63.7,22.71,115,57,166.0,87.0,3,888,2,1,0,0
2481,2024,2,56,2,3,153.0,64.3,27.46,107,59,186.0,124.0,2,888,1,1,0,0
2482,2024,1,19,4,4,177.3,66.5,21.15,97,61,,82.0,1,21,2,1,0,0
2483,2024,2,31,2,1,148.8,65.3,29.49,104,70,165.0,104.0,3,888,1,2,0,0
2484,2024,2,69,4,3,155.3,53.9,22.36,999,999,152.0,77.0,3,888,2,1,0,0
2485,2024,1,44,4,3,178.4,83.9,26.35,114,79,173.0,72.0,1,8,3,1,0,0
2486,2024,1,19,3,3,172.1,64.8,21.9,90,62,115.0,100.0,1,19,1,1,0,0
2487,2024,2,23,3,3,159.6,,,124,67,200.0,119.0,1,999,1,1,0,0
2488,2024,1,37,2,2,174.5,55.8,18.33,130,79,164.0,103.0,3,888,2,1,0,0
2489,2024,2,42,2,3,158.3,75.5,30.1,113,81,124.0,,2,888,1,1,0,0
2490,2024,1,63,4,4,167.0,65.0,23.28,104,60,193.0,79.0,3,888,2,2,0,0
2491,2024,2,28,1,3,161.0,61.1,23.58,99,61,201.0,98.0,3,888,3,2,0,0
2492,2024,2,61,4,3,159.1,66.3,26.18,999,999,,92.0,3,888,2,1,0,0
2493,2024,2,72,3,2,159.1,70.1,27.71,152,78,154.0,107.0,3,888,3,1,0,1
2494,2024,2,45,2,1,165.0,70.7,25.97,114,61,,81.0,2,888,3,2,0,0
2495,2024,2,56,2,1,158.2,64.5,25.77,121,69,180.0,98.0,2,888,2,2,0,0
2496,2024,2,27,3,3,151.3,54.5,23.8,117,61,198.0,92.0,3,888,3,1,0,0
2497,2024,2,67,4,3,144.7,57.3,27.39,144,75,172.0,90.0,3,888,3,1,1,1
2498,2024,1,40,2,2,180.2,,,110,56,170.0,91.0,1,999,2,1,0,0
2499,2024,1,61,2,3,171.4,71.8,24.42,103,61,175.0,100.0,3,888,1,2,0,0
2500,2024,2,77,3,1,156.8,51.9,21.11,106,75,236.0,115.0,3,888,2,2,0,0
2501,2024,1,54,2,1,168.8,64.0,22.46,95,70,140.0,82.0,3,888,3,2,0,0
2502,2024,2,42,2,2,162.3,77.7,29.49,113,76,141.0,107.0,2,888,2,2,0,0
2503,2024,2,60,3,9,166.9,67.8,24.35,999,999,168.0,74.0,3,888,1,1,0,0
2504,2024,2,84,4,3,163.4,48.6,18.22,95,72,166.0,100.0,2,888,3,1,1,1
2505,2024,2,58,3,1,155.4,66.9,27.7,156,86,216.0,80.0,2,888,1,2,0,1
2506,2024,1,67,4,9,182.0,,,148,84,,97.0,3,888,1,1,0,1
2507,2024,1,72,3,3,171.3,66.4,22.64,140,66,164.0,83.0,3,888,1,1,1,1
2508,2024,2,38,1,3,162.9,78.1,29.44,112,67,169.0,73.0,2,888,1,2,0,0
2509,2024,1,45,2,3,177.1,70.0,22.3,104,55,148.0,83.0,3,888,1,1,0,0
2510,2024,1,48,4,1,176.9,62.4,19.93,116,74,168.0,82.0,2,888,3,2,0,0
2511,2024,1,29,2,2,175.1,53.6,17.47,92,63,162.0,77.0,1,21,2,1,0,0
2512,2024,1,66,3,3,176.7,80.6,25.8,106,74,151.0,104.0,3,888,3,2,0,0
2513,2024,1,46,2,3,188.2,,,139,92,125.0,91.0,1,16,2,1,0,1
2514,2024,1,54,2,1,170.2,68.4,23.62,125,77,144.0,103.0,2,888,3,1,0,0
2515,2024,2,43,4,4,148.5,44.4,20.14,97,72,144.0,97.0,3,888,3,2,0,0
2516,2024,1,61,3,2,176.1,74.6,24.05,999,999,197.0,110.0,2,888,3,1,0,1
2517,2024,1,57,4,2,167.5,63.2,22.54,120,76,149.0,81.0,1,21,2,2,1,1
2518,2024,2,39,3,3,147.7,54.2,24.85,104,74,230.0,86.0,3,888,2,2,0,0
2519,2024,1,39,3,3,161.3,73.5,28.24,98,66,203.0,71.0,1,21,2,1,0,0
2520,2024,2,54,1,1,161.2,73.2,28.19,121,78,166.0,128.0,3,888,2,1,0,0
2521,2024,2,49,2,1,149.6,65.8,29.39,126,79,,90.0,3,888,2,1,0,0
2522,2024,2,61,1,4,157.5,62.9,25.36,130,66,136.0,85.0,3,888,3,2,1,1
2523,2024,1,75,2,3,183.0,96.4,28.78,133,84,156.0,113.0,3,888,2,2,0,0
2524,2024,1,55,2,3,173.0,73.8,24.68,111,61,,95.0,3,888,1,1,0,0
2525,2024,1,37,3,9,168.0,,,125,72,,88.0,1,13,1,1,0,0
2526,2024,2,47,4,2,150.2,,,132,64,146.0,95.0,1,999,3,1,0,0
2527,2024,1,75,3,2,163.2,67.9,25.48,999,999,253.0,108.0,1,18,3,2,0,0
2528,2024,1,39,1,3,172.2,59.9,20.19,110,63,174.0,85.0,1,16,2,2,0,0
2529,2024,2,53,3,4,149.5,48.8,21.83,107,57,142.0,69.0,3,888,1,1,0,0
2530,2024,2,37,2,1,149.6,67.3,30.05,106,66,178.0,89.0,2,888,2,2,0,0
2531,2024,2,66,2,2,158.2,,,107,63,120.0,,2,888,2,2,0,0
2532,2024,1,30,3,4,170.3,60.6,20.87,99,58,143.0,114.0,2,888,2,2,0,0
2533,2024,2,63,1,9,164.6,69.3,25.57,121,83,,97.0,3,888,2,2,0,0
2534,2024,2,52,3,4,158.9,74.8,29.6,123,82,,,1,13,1,2,0,0
2535,2024,1,47,2,2,170.9,58.6,20.06,118,61,,88.0,9,999,2,2,0,0
2536,2024,1,49,2,3,171.0,59.3,20.28,101,67,128.0,87.0,1,17,3,2,0,0
2537,2024,2,84,1,1,158.6,65.5,26.01,999,999,,,3,888,3,2,0,0
2538,2024,2,34,2,3,162.7,49.6,18.73,96,55,172.0,,3,888,1,2,0,0
2539,2024,2,32,2,1,160.2,58.8,22.9,115,67,134.0,98.0,1,10,1,2,0,0
2540,2024,2,68,4,4,155.9,64.8,26.66,142,85,176.0,110.0,3,888,2,1,0,1
2541,2024,1,36,3,4,175.6,68.2,22.12,95,67,232.0,88.0,1,11,2,1,0,0
2542,2024,2,49,3,4,159.5,62.6,24.61,110,72,194.0,97.0,3,888,3,1,0,0
2543,2024,2,28,2,9,161.1,50.8,19.57,114,67,124.0,,3,888,2,1,0,0
2544,2024,2,44,3,3,163.5,71.5,26.74,115,54,,114.0,1,16,3,1,0,0
2545,2024,2,76,4,2,162.6,55.0,20.81,126,77,,115.0,3,888,1,1,0,0
2546,2024,1,44,3,4,165.1,60.4,22.15,81,63,104.0,80.0,3,888,3,1,0,0
2547,2024,2,87,3,4,154.1,,,999,999,183.0,74.0,2,888,2,2,0,0
2548,2024,2,25,3,3,163.1,68.9,25.9,105,59,218.0,102.0,3,888,1,1,0,0
2549,2024,1,85,1,4,167.9,73.1,25.94,128,79,208.0,110.0,2,888,2,2,0,0
2550,2024,2,67,3,1,151.4,65.4,28.51,133,73,193.0,92.0,3,888,3,1,0,0
2551,2024,1,54,1,4,169.9,69.4,24.04,999,999,,104.0,3,888,3,1,0,0
2552,2024,1,83,2,2,165.3,71.9,26.31,149,81,208.0,79.0,1,7,3,2,1,1
2553,2024,1,69,1,3,167.4,71.5,25.5,999,999,180.0,,3,888,2,1,0,1
2554,2024,2,44,3,3,157.2,60.5,24.48,111,67,151.0,74.0,2,888,2,1,0,0
2555,2024,2,46,4,3,157.3,55.0,22.21,106,62,182.0,101.0,3,888,1,2,0,0
2556,2024,1,40,3,2,178.7,76.9,24.08,106,68,201.0,100.0,2,888,2,2,0,0
2557,2024,2,53,3,1,158.1,65.0,25.98,142,72,,92.0,3,888,3,1,0,1
2558,2024,1,75,3,2,181.1,73.2,22.32,999,999,153.0,91.0,3,888,2,1,0,1
2559,2024,1,42,4,3,172.8,50.5,16.9,999,999,150.0,71.0,2,888,2,1,0,0
2560,2024,2,34,3,4,162.7,75.3,28.46,116,76,209.0,,3,888,3,1,0,0
2561,2024,2,86,3,4,157.0,65.2,26.47,999,999,154.0,86.0,3,888,2,1,1,1
2562,2024,2,68,3,4,159.7,,,116,62,,106.0,3,888,3,1,0,0
2563,2024,1,60,3,1,179.6,71.6,22.21,149,74,127.0,94.0,9,999,3,2,1,1
2564,2024,2,50,3,2,172.9,60.3,20.17,97,51,171.0,86.0,3,888,1,2,0,0
2565,2024,2,36,4,2,154.0,,,118,68,166.0,74.0,2,888,2,2,0,0
2566,2024,1,41,4,4,168.3,52.0,18.35,126,81,159.0,74.0,1,19,3,1,1,1
2567,2024,1,64,4,4,170.3,58.4,20.16,117,75,116.0,94.0,3,888,3,1,0,0
2568,2024,2,57,4,4,151.3,50.8,22.17,83,58,172.0,108.0,1,18,3,1,0,0
2569,2024,2,29,2,3,151.2,,,121,70,221.0,81.0,1,19,3,1,0,0
2570,2024,1,57,2,1,175.9,45.6,14.73,139,82,209.0,107.0,1,10,3,1,0,0
2571,2024,1,71,3,3,176.7,65.7,21.06,129,77,155.0,102.0,1,16,3,2,0,0
2572,2024,2,36,1,3,156.2,70.6,28.92,131,88,170.0,104.0,3,888,1,2,0,0
2573,2024,2,69,4,1,147.9,45.3,20.73,119,83,202.0,82.0,3,888,1,2,0,0
2574,2024,2,68,2,3,151.8,79.9,34.66,135,78,235.0,118.0,3,888,2,1,0,0
2575,2024,2,56,3,1,149.2,60.6,27.23,999,999,160.0,99.0,3,888,1,1,0,0
2576,2024,1,59,2,4,172.1,61.6,20.8,113,64,175.0,65.0,1,4,1,1,0,0
2577,2024,2,43,3,4,160.1,59.1,23.06,115,71,157.0,87.0,1,999,3,1,0,0
2578,2024,2,19,2,3,148.1,52.5,23.9,91,61,167.0,,3,888,2,1,0,0
2579,2024,1,78,9,2,168.8,51.8,18.16,118,81,,,1,30,1,1,1,1
2580,2024,1,51,3,4,169.8,70.3,24.4,117,74,226.0,83.0,3,888,1,2,0,0
2581,2024,1,73,2,9,174.0,79.5,26.26,124,73,155.0,102.0,3,888,1,2,0,0
2582,2024,1,30,3,4,158.3,68.0,27.1,103,65,113.0,94.0,3,888,3,1,0,0
2583,2024,2,57,4,4,173.1,76.0,25.36,145,90,212.0,101.0,3,888,3,2,0,1
2584,2024,1,39,2,3,167.4,64.0,22.82,112,60,131.0,84.0,2,888,3,1,0,0
2585,2024,1,62,1,9,168.6,57.8,20.32,999,999,195.0,99.0,1,13,1,1,0,0
2586,2024,1,43,2,1,167.9,,,121,67,185.0,97.0,3,888,1,2,1,1
2587,2024,2,80,2,1,152.6,76.3,32.73,123,75,,98.0,3,888,3,2,0,0
2588,2024,2,67,4,4,152.5,58.6,25.21,111,62,192.0,83.0,2,888,3,1,0,0
2589,2024,2,49,2,4,157.9,70.1,28.12,139,75,154.0,103.0,1,9,2,1,0,0
2590,2024,1,55,1,2,171.2,70.0,23.89,999,999,191.0,,3,888,3,1,0,0
2591,2024,2,32,2,3,166.1,74.1,26.86,88,51,139.0,85.0,2,888,3,2,0,0
2592,2024,1,31,3,3,168.5,65.5,23.07,108,59,110.0,97.0,9,999,3,2,0,0
2593,2024,1,33,3,3,168.9,60.4,21.16,82,51,100.0,70.0,1,20,1,1,0,0
2594,2024,2,37,2,4,157.2,56.1,22.69,105,75,146.0,,3,888,3,1,0,0
2595,2024,1,64,1,2,170.6,69.9,24.02,147,93,241.0,,1,5,1,2,0,1
2596,2024,1,65,1,9,173.4,,,134,88,190.0,123.0,2,888,1,2,1,1
2597,2024,2,75,4,3,160.3,76.1,29.61,130,80,185.0,94.0,3,888,2,2,1,1
2598,2024,2,25,1,2,150.9,36.0,15.82,92,60,126.0,70.0,3,888,2,2,0,0
2599,2024,2,34,4,1,157.6,48.3,19.45,129,68,,92.0,3,888,2,2,0,0
2600,2024,1,66,2,1,163.2,65.4,24.57,147,86,134.0,102.0,2,888,1,1,0,1
2601,2024,1,67,3,2,170.0,76.3,26.41,122,67,173.0,83.0,3,888,2,2,0,0
2602,2024,2,69,1,9,154.6,64.2,26.86,99,56,174.0,104.0,1,25,1,1,0,0
2603,2024,2,69,1,9,157.0,65.1,26.39,127,70,,,3,888,2,1,0,0
2604,2024,2,35,4,3,157.9,64.7,25.95,999,999,184.0,86.0,3,888,2,2,0,0
2605,2024,2,45,1,1,157.2,58.0,23.46,130,77,165.0,74.0,3,888,3,1,0,0
2606,2024,2,56,1,9,156.5,65.1,26.61,121,71,,,1,15,2,1,0,0
2607,2024,2,45,3,3,157.8,66.0,26.5,999,999,187.0,101.0,3,888,3,1,0,0
2608,2024,2,59,3,2,155.8,76.9,31.68,120,73,201.0,117.0,1,999,3,1,0,0
2609,2024,1,45,1,1,171.3,70.9,24.17,114,73,,110.0,3,888,2,1,0,0
2610,2024,1,74,3,3,177.8,68.9,21.8,999,999,,111.0,2,888,1,1,0,0
2611,2024,1,71,4,4,170.4,71.8,24.73,138,83,234.0,79.0,3,888,1,1,1,1
2612,2024,2,45,2,2,156.7,45.2,18.4,87,53,147.0,96.0,1,8,2,1,0,0
2613,2024,1,59,2,9,181.9,,,999,999,142.0,88.0,1,5,3,1,0,0
2614,2024,2,33,2,3,156.9,74.4,30.23,95,62,186.0,98.0,2,888,2,2,0,0
2615,2024,1,68,3,1,174.8,63.6,20.82,122,63,176.0,77.0,3,888,2,1,0,0
2616,2024,1,37,4,3,173.8,,,125,69,,112.0,3,888,3,1,0,0
2617,2024,2,50,3,4,154.1,55.5,23.34,112,90,149.0,91.0,2,888,2,1,0,0
2618,2024,1,54,1,4,174.0,,,149,88,170.0,84.0,3,888,3,1,0,1
2619,2024,2,59,2,1,165.0,52.3,19.21,122,63,129.0,88.0,3,888,3,2,0,0
2620,2024,2,34,3,3,151.0,56.8,24.91,122,75,154.0,65.0,3,888,3,1,0,0
2621,2024,1,48,2,2,173.0,,,86,64,153.0,86.0,3,888,3,2,0,0
2622,2024,1,19,2,3,168.1,51.5,18.23,88,64,192.0,99.0,1,22,2,1,0,0
2623,2024,2,64,1,4,152.4,,,134,82,134.0,,2,888,1,1,0,0
2624,2024,2,45,2,2,160.1,57.2,22.31,126,74,233.0,84.0,3,888,3,2,0,0
2625,2024,1,48,3,3,174.4,69.8,22.94,89,50,133.0,89.0,1,11,1,1,0,0
2626,2024,2,43,3,2,155.2,52.5,21.79,82,55,162.0,72.0,2,888,2,1,0,0
2627,2024,2,41,3,4,153.7,39.4,16.67,999,999,125.0,108.0,2,888,1,2,0,0
2628,2024,1,21,1,2,166.3,68.4,24.75,126,79,184.0,,3,888,1,1,0,0
2629,2024,2,49,2,9,160.8,61.1,23.64,94,62,,100.0,3,888,2,2,0,0
2630,2024,1,38,4,2,164.2,,,135,68,183.0,98.0,3,888,2,2,0,0
2631,2024,2,30,4,1,164.2,,,95,66,185.0,79.0,3,888,3,1,0,0
2632,2024,2,52,2,1,159.3,80.0,31.54,126,62,122.0,72.0,2,888,1,1,0,0
2633,2024,2,39,3,3,167.1,58.5,20.95,103,70,173.0,105.0,3,888,1,2,0,0
2634,2024,2,53,1,1,158.5,70.8,28.18,999,999,181.0,,3,888,2,1,1,1
2635,2024,2,80,3,2,154.5,59.7,25.01,119,74,199.0,106.0,3,888,1,2,0,0
2636,2024,9,34,4,4,159.1,59.1,23.36,102,62,,74.0,1,19,2,1,0,0
2637,2024,2,80,4,4,155.7,61.9,25.54,999,999,145.0,104.0,3,888,2,2,0,0
2638,2024,2,58,4,2,167.2,61.9,22.15,115,67,182.0,81.0,3,888,2,2,1,1
2639,2024,1,29,1,1,169.6,89.7,31.19,114,59,163.0,105.0,3,888,3,1,0,0
2640,2024,2,61,1,3,166.0,41.6,15.1,134,72,116.0,74.0,3,888,1,2,1,1
2641,2024,1,52,1,3,163.6,,,131,82,143.0,98.0,3,888,2,2,0,0
2642,2024,1,56,3,2,165.3,,,131,84,163.0,125.0,1,11,1,1,0,0
2643,2024,1,60,1,1,164.2,53.5,19.83,115,68,147.0,88.0,1,16,2,2,0,0
2644,2024,1,59,2,3,163.7,,,108,70,205.0,109.0,3,888,1,2,1,1
2645,2024,2,56,2,2,149.1,73.6,33.14,144,85,156.0,,3,888,2,2,0,1
2646,2024,2,32,1,1,166.9,48.0,17.24,100,59,134.0,104.0,3,888,3,1,0,0
2647,2024,2,31,2,1,168.1,60.8,21.52,104,63,111.0,66.0,2,888,2,1,0,0
2648,2024,1,66,3,9,166.8,67.6,24.32,152,92,219.0,98.0,1,9,1,1,0,1
2649,2024,1,53,3,3,174.0,70.9,23.42,120,70,,138.0,3,888,2,1,0,0
2650,2024,1,52,2,3,174.8,69.8,22.86,110,64,141.0,103.0,2,888,2,1,0,0
2651,2024,2,33,3,1,153.0,59.7,25.49,90,62,203.0,115.0,3,888,2,1,0,0
2652,2024,2,49,4,3,169.0,,,113,77,119.0,107.0,3,888,3,1,0,0
2653,2024,2,68,3,4,162.8,66.1,24.96,132,76,225.0,78.0,3,888,1,2,0,0
2654,2024,1,80,2,1,159.2,61.1,24.11,117,72,164.0,126.0,3,888,1,1,0,0
2655,2024,2,56,2,3,157.4,,,117,67,189.0,80.0,1,999,2,1,0,0
2656,2024,1,56,4,4,162.5,,,116,78,154.0,120.0,1,14,1,2,1,1
2657,2024,1,65,3,3,174.5,72.9,23.96,999,999,164.0,,3,888,3,1,0,0
2658,2024,1,89,4,2,180.2,84.8,26.12,999,999,182.0,101.0,3,888,3,1,0,0
2659,2024,2,74,3,4,155.3,75.0,31.11,128,74,193.0,93.0,3,888,1,1,0,0
2660,2024,1,59,3,1,167.7,75.7,26.92,123,74,162.0,98.0,2,888,3,1,0,0
2661,2024,1,19,3,2,172.7,66.6,22.34,109,63,138.0,85.0,3,888,3,1,0,0
2662,2024,1,27,2,2,185.1,65.8,19.19,109,66,97.0,101.0,1,13,1,2,0,0
2663,2024,1,63,1,1,163.8,75.3,28.06,125,88,120.0,92.0,1,12,2,1,0,0
2664,2024,2,71,3,4,160.1,55.7,21.75,154,89,212.0,126.0,3,888,1,2,0,1
2665,2024,2,43,4,4,164.5,,,122,74,191.0,99.0,1,22,2,2,0,0
2666,2024,1,52,3,2,164.9,67.3,24.76,119,69,181.0,94.0,3,888,2,1,0,0
2667,2024,2,40,2,4,165.1,,,113,71,163.0,107.0,3,888,3,1,0,0
2668,2024,1,26,2,9,166.7,66.4,23.89,112,59,96.0,73.0,1,7,2,1,0,0
2669,2024,2,48,4,2,158.4,54.7,21.81,81,52,,100.0,2,888,2,1,0,0
2670,2024,1,47,2,2,175.5,,,117,57,160.0,68.0,1,999,3,1,0,0
2671,2024,1,50,2,1,183.3,,,132,85,177.0,97.0,3,888,1,1,0,0
2672,2024,1,58,3,3,162.0,74.4,28.37,999,999,203.0,69.0,3,888,2,1,0,0
2673,2024,1,78,3,2,170.7,,,141,93,213.0,86.0,1,12,2,1,1,1
2674,2024,1,74,4,2,178.7,74.0,23.18,115,73,182.0,110.0,3,888,2,1,0,0
2675,2024,2,73,1,1,169.0,61.5,21.53,139,66,154.0,68.0,3,888,2,2,1,1
2676,2024,1,85,1,9,175.8,64.0,20.71,999,999,181.0,88.0,3,888,1,2,0,0
2677,2024,1,45,2,1,178.0,73.0,23.03,999,999,127.0,,1,11,1,2,0,0
2678,2024,1,56,4,1,162.0,82.0,31.24,154,76,148.0,101.0,3,888,3,2,0,1
2679,2024,2,52,2,2,166.5,60.0,21.65,110,57,196.0,101.0,3,888,1,2,0,0
2680,2024,1,39,2,4,170.5,,,112,55,110.0,78.0,3,888,1,1,0,0
2681,2024,1,66,2,2,165.9,78.6,28.56,123,75,168.0,90.0,3,888,1,2,0,0
2682,2024,2,21,4,4,163.4,69.2,25.89,80,62,155.0,72.0,2,888,2,2,0,0
2683,2024,2,84,3,2,158.4,52.3,20.85,142,86,163.0,91.0,3,888,3,2,1,1
2684,2024,2,43,3,2,160.8,55.4,21.44,93,65,131.0,94.0,3,888,1,2,0,0
2685,2024,2,50,2,3,161.9,59.7,22.76,89,63,,68.0,2,888,1,2,0,0
2686,2024,1,19,3,4,166.4,70.7,25.53,111,53,,94.0,9,999,2,1,0,0
2687,2024,1,46,2,9,167.0,59.0,21.15,112,56,193.0,52.0,2,888,2,1,0,0
2688,2024,1,43,3,4,161.1,55.4,21.34,129,80,176.0,61.0,3,888,3,1,0,0
2689,2024,1,51,4,4,174.3,,,156,83,190.0,86.0,3,888,2,1,1,1
2690,2024,2,43,2,9,156.5,60.8,24.81,121,80,189.0,104.0,3,888,2,1,0,0
2691,2024,2,35,4,3,148.7,56.4,25.48,99,65,142.0,83.0,1,999,2,1,0,0
2692,2024,2,50,2,2,153.0,49.1,20.99,140,82,127.0,90.0,3,888,2,1,1,1
2693,2024,2,77,2,1,161.8,62.3,23.8,999,999,,,3,888,1,1,0,0
2694,2024,2,28,3,3,155.1,54.8,22.78,95,48,143.0,72.0,3,888,2,1,0,0
2695,2024,1,41,4,2,179.2,62.2,19.38,108,72,116.0,85.0,3,888,2,1,0,0
2696,2024,1,77,4,3,164.9,79.5,29.22,999,999,155.0,,3,888,2,1,0,0
2697,2024,2,50,2,2,153.7,59.0,24.96,124,73,199.0,90.0,1,27,2,1,1,1
2698,2024,2,53,3,3,160.5,71.9,27.92,113,73,224.0,99.0,3,888,2,1,0,0
2699,2024,1,28,3,1,178.5,,,999,999,175.0,105.0,2,888,1,1,0,0
2700,2024,2,50,3,4,159.5,53.1,20.86,999,999,182.0,79.0,3,888,1,1,0,0
2701,2024,2,68,1,1,165.4,63.9,23.33,94,60,186.0,103.0,3,888,2,1,0,0
2702,2024,1,51,9,4,168.6,72.3,25.46,108,75,199.0,79.0,1,21,3,1,0,0
2703,2024,1,34,3,1,177.3,69.0,21.93,107,73,153.0,84.0,3,888,2,2,0,0
2704,2024,2,79,3,2,150.6,78.7,34.69,138,77,230.0,102.0,3,888,2,1,0,0
2705,2024,2,59,4,2,159.2,71.2,28.06,113,70,167.0,78.0,3,888,3,1,0,0
2706,2024,2,46,4,4,151.7,57.7,25.1,105,58,121.0,78.0,3,888,1,2,0,0
2707,2024,2,43,3,4,164.4,,,94,63,244.0,70.0,3,888,2,2,0,0
2708,2024,2,25,1,3,153.9,64.5,27.24,105,70,200.0,,2,888,2,1,0,0
2709,2024,2,80,4,1,155.3,64.2,26.62,150,93,200.0,103.0,3,888,2,1,1,1
2710,2024,1,34,3,4,177.4,87.6,27.82,999,999,166.0,81.0,3,888,2,1,0,0
2711,2024,2,43,4,4,162.5,,,133,80,,115.0,3,888,3,1,1,1
2712,2024,1,81,4,4,177.3,75.6,24.06,999,999,148.0,96.0,1,10,2,2,0,0
2713,2024,2,44,4,3,161.1,52.5,20.22,107,71,,95.0,3,888,3,1,0,0
2714,2024,1,57,1,1,181.2,73.4,22.36,126,70,176.0,87.0,1,6,2,1,0,0
2715,2024,9,19,2,3,162.5,43.7,16.57,96,61,124.0,,1,14,2,1,0,0
2716,2024,1,32,3,9,169.5,70.0,24.35,119,85,164.0,60.0,1,9,2,1,0,0
2717,2024,1,53,3,3,163.7,63.3,23.6,114,82,207.0,,1,18,2,2,0,0
2718,2024,1,52,2,3,173.0,68.0,22.73,134,80,218.0,,1,12,1,1,0,0
2719,2024,1,48,2,2,165.6,73.7,26.87,95,59,173.0,107.0,3,888,2,1,0,0
2720,2024,2,44,3,4,173.2,71.8,23.93,150,83,153.0,83.0,2,888,2,2,0,1
2721,2024,1,58,2,2,169.3,58.1,20.26,125,91,223.0,92.0,1,16,1,2,0,1
2722,2024,2,68,3,2,162.9,,,140,74,174.0,98.0,1,19,2,1,0,1
2723,2024,2,24,3,2,169.9,55.9,19.37,90,61,,46.0,3,888,1,2,0,0
2724,2024,1,68,1,3,166.1,67.7,24.53,999,999,177.0,69.0,3,888,3,1,0,0
2725,2024,2,48,3,1,154.3,55.6,23.34,117,69,183.0,77.0,3,888,3,2,0,0
2726,2024,1,21,2,4,169.5,,,121,69,172.0,98.0,1,21,2,2,0,0
2727,2024,1,74,2,1,176.1,71.4,23.04,124,77,235.0,99.0,3,888,2,2,0,0
2728,2024,2,63,3,3,155.3,68.1,28.25,147,99,154.0,91.0,3,888,2,1,1,1
2729,2024,2,50,2,1,165.3,65.9,24.1,114,54,145.0,95.0,3,888,1,1,0,0
2730,2024,2,76,1,9,151.5,47.6,20.73,999,999,212.0,91.0,2,888,3,2,1,1
2731,2024,1,40,9,1,181.4,70.8,21.5,95,64,152.0,,1,3,2,2,0,0
2732,2024,1,19,2,4,168.0,48.7,17.23,113,68,156.0,99.0,1,18,2,2,0,0
2733,2024,2,37,9,4,152.3,52.9,22.78,136,80,206.0,95.0,3,888,1,2,0,0
2734,2024,1,82,2,3,156.4,78.0,31.86,157,89,209.0,96.0,3,888,2,1,1,1
2735,2024,1,24,4,4,169.0,66.5,23.29,117,81,105.0,102.0,1,15,3,1,0,0
2736,2024,2,47,4,2,152.3,54.6,23.53,131,76,147.0,100.0,3,888,1,1,0,0
2737,2024,2,44,3,1,156.9,47.9,19.45,109,59,172.0,118.0,1,16,2,2,0,0
2738,2024,2,33,3,2,154.0,85.6,36.09,131,79,168.0,87.0,9,999,2,1,0,0
2739,2024,1,50,3,2,167.6,62.5,22.26,110,70,,103.0,3,888,1,1,0,0
2740,2024,1,64,3,3,166.0,64.4,23.39,139,65,199.0,85.0,2,888,3,1,0,0
2741,2024,1,58,4,2,166.2,62.0,22.43,999,999,188.0,,1,14,1,1,0,0
2742,2024,1,40,4,2,158.5,62.0,24.67,125,68,177.0,91.0,3,888,3,2,0,0
2743,2024,1,54,3,9,172.1,58.3,19.7,110,73,184.0,121.0,3,888,1,1,0,0
2744,2024,2,63,2,1,165.2,71.0,25.99,102,60,144.0,68.0,3,888,2,2,0,0
2745,2024,1,54,3,1,180.0,65.4,20.18,102,64,208.0,82.0,1,999,2,2,0,0
2746,2024,2,51,3,4,157.3,61.2,24.74,123,91,179.0,91.0,3,888,2,1,0,1
2747,2024,2,89,3,2,152.5,67.0,28.8,171,94,198.0,105.0,2,888,3,1,1,1
2748,2024,1,35,1,1,174.7,,,104,68,138.0,80.0,1,22,2,1,0,0
2749,2024,2,61,3,4,156.9,59.2,24.05,85,56,188.0,,1,12,1,2,0,0
2750,2024,2,59,3,2,155.2,56.3,23.4,119,63,207.0,72.0,2,888,1,1,0,0
2751,2024,2,19,2,3,157.6,53.7,21.63,73,51,154.0,96.0,9,999,1,2,0,0
2752,2024,2,61,1,1,152.8,72.9,31.21,132,91,226.0,99.0,1,7,1,1,0,1
2753,2024,1,57,2,2,171.1,84.1,28.72,105,67,153.0,105.0,3,888,2,1,0,0
2754,2024,2,64,4,2,157.6,56.9,22.91,141,75,210.0,91.0,3,888,3,2,0,1
2755,2024,2,36,2,4,151.5,50.4,21.98,120,57,158.0,114.0,1,21,1,2,0,0
2756,2024,2,62,3,1,158.6,46.7,18.55,123,62,112.0,106.0,3,888,2,1,0,0
2757,2024,1,50,2,1,171.3,67.8,23.1,126,64,170.0,108.0,3,888,1,1,0,0
2758,2024,1,79,3,9,174.7,67.0,21.96,112,60,163.0,126.0,3,888,2,2,1,1
2759,2024,2,35,4,4,166.8,68.8,24.73,107,70,,97.0,2,888,2,2,0,0
2760,2024,2,76,4,2,144.4,59.5,28.53,141,96,216.0,79.0,3,888,2,1,0,1
2761,2024,2,65,3,2,157.7,68.1,27.38,145,80,216.0,109.0,3,888,2,2,1,1
2762,2024,1,46,3,4,160.5,75.2,29.19,112,69,173.0,96.0,2,888,2,2,0,0
2763,2024,1,51,2,3,175.3,61.0,19.86,78,66,,,3,888,1,2,0,0
2764,2024,1,37,3,9,176.1,,,103,61,194.0,110.0,3,888,2,1,0,0
2765,2024,1,53,1,2,174.2,62.3,20.53,116,86,138.0,92.0,3,888,3,1,0,0
2766,2024,2,46,9,3,156.9,65.6,26.61,107,73,158.0,103.0,3,888,1,2,0,0
2767,2024,2,49,3,3,150.8,48.2,21.2,131,74,177.0,95.0,1,12,3,1,0,0
2768,2024,2,75,3,9,159.5,,,150,79,264.0,113.0,3,888,2,1,0,1
2769,2024,2,54,9,3,163.6,77.4,28.92,999,999,136.0,111.0,3,888,1,2,0,0
2770,2024,2,34,1,2,159.4,60.2,23.68,107,69,181.0,93.0,3,888,2,1,0,0
2771,2024,1,47,2,4,174.9,,,105,66,202.0,,3,888,2,1,0,0
2772,2024,1,56,3,2,164.2,69.5,25.77,999,999,192.0,88.0,3,888,3,1,0,0
2773,2024,2,61,3,3,160.8,75.8,29.32,120,84,194.0,100.0,3,888,2,2,0,0
2774,2024,1,41,1,2,164.5,,,86,57,152.0,95.0,2,888,3,1,0,0
2775,2024,1,37,4,4,167.6,66.8,23.79,101,61,164.0,104.0,2,888,2,1,0,0
2776,2024,1,70,3,1,167.2,,,125,75,193.0,94.0,3,888,2,1,0,0
2777,2024,2,48,1,2,162.7,63.2,23.88,106,58,140.0,,1,8,2,1,0,0
2778,2024,1,74,2,1,169.6,52.3,18.19,999,999,225.0,119.0,3,888,2,1,0,0
2779,2024,2,47,2,2,150.0,46.5,20.67,105,67,215.0,84.0,3,888,2,2,1,1
2780,2024,2,76,1,1,155.4,60.8,25.19,136,75,156.0,124.0,3,888,2,2,0,0
2781,2024,2,44,3,2,161.5,68.1,26.13,131,78,,68.0,3,888,3,1,0,0
2782,2024,1,73,2,4,180.4,57.3,17.6,999,999,179.0,,3,888,1,1,0,0
2783,2024,2,41,2,2,151.7,58.6,25.47,106,69,194.0,96.0,3,888,1,1,0,0
2784,2024,1,45,2,1,175.4,75.9,24.67,116,68,142.0,57.0,3,888,2,2,0,0
2785,2024,1,55,4,1,176.5,55.0,17.66,100,61,161.0,81.0,1,14,1,2,0,0
2786,2024,1,56,3,4,170.1,,,118,60,253.0,85.0,3,888,1,2,0,0
2787,2024,2,48,3,2,163.9,61.7,22.97,125,78,155.0,129.0,3,888,1,1,0,0
2788,2024,1,40,4,2,172.3,69.7,23.49,999,999,161.0,52.0,3,888,2,1,0,0
2789,2024,1,37,1,1,177.1,77.0,24.55,92,56,,,3,888,2,2,0,0
2790,2024,1,41,4,3,176.8,56.4,18.06,126,61,107.0,87.0,3,888,2,1,0,0
2791,2024,2,45,1,2,162.6,73.8,27.91,99,64,215.0,,2,888,2,2,0,0
2792,2024,2,41,2,4,155.5,57.5,23.79,119,62,153.0,95.0,1,12,3,1,0,0
2793,2024,2,29,4,3,156.8,60.0,24.4,88,55,176.0,74.0,1,19,1,2,0,0
2794,2024,1,59,1,2,183.4,84.9,25.24,124,67,194.0,,3,888,2,1,0,0
2795,2024,1,30,3,2,167.9,63.2,22.4,104,72,,93.0,3,888,2,1,0,0
2796,2024,2,41,4,1,158.6,63.2,25.12,89,50,182.0,112.0,3,888,2,1,0,0
2797,2024,1,74,2,9,162.8,63.7,24.01,999,999,231.0,118.0,3,888,2,2,0,0
2798,2024,2,58,4,3,160.3,68.5,26.68,97,53,216.0,69.0,1,9,1,1,0,0
2799,2024,1,36,4,1,173.0,67.8,22.66,117,81,,115.0,3,888,3,1,0,0
2800,2024,2,62,3,4,145.2,,,143,73,186.0,120.0,1,12,3,2,0,1
2801,2024,1,67,2,1,175.1,73.3,23.9,999,999,161.0,79.0,9,999,1,1,0,0
2802,2024,2,49,2,2,151.9,68.4,29.64,129,67,179.0,73.0,3,888,3,1,0,0
2803,2024,2,39,4,4,156.6,52.8,21.54,113,85,144.0,85.0,2,888,2,2,0,0
2804,2024,2,34,3,4,160.9,60.7,23.47,115,66,173.0,102.0,3,888,2,1,0,0
2805,2024,1,41,2,4,167.8,72.7,25.79,138,83,,,2,888,3,1,0,0
2806,2024,1,74,1,9,179.1,61.6,19.18,139,76,,76.0,3,888,1,2,1,1
2807,2024,1,60,3,4,165.5,68.3,24.92,112,70,216.0,62.0,3,888,1,1,0,0
2808,2024,2,50,3,4,152.0,59.3,25.64,106,63,196.0,110.0,2,888,1,2,0,0
2809,2024,2,38,1,1,149.4,,,115,62,205.0,96.0,2,888,3,2,0,0
2810,2024,2,68,2,1,152.2,63.7,27.5,999,999,200.0,,3,888,2,1,0,0
2811,2024,2,52,2,4,144.7,,,116,68,139.0,87.0,3,888,1,1,0,0
2812,2024,1,87,3,1,176.0,82.3,26.57,148,90,183.0,116.0,2,888,2,1,1,1
2813,2024,2,75,1,3,166.4,79.2,28.63,106,65,222.0,99.0,1,10,2,1,0,0
2814,2024,1,55,2,2,164.2,,,137,80,169.0,105.0,3,888,2,2,0,0
2815,2024,2,81,4,2,145.8,71.4,33.58,149,80,165.0,130.0,2,888,2,1,1,1
2816,2024,2,29,3,4,156.8,64.8,26.36,108,69,,91.0,3,888,3,1,0,0
2817,2024,2,61,3,1,151.1,54.1,23.72,133,79,205.0,75.0,3,888,3,2,0,0
2818,2024,1,73,4,1,159.4,57.5,22.62,137,73,,110.0,1,15,3,2,1,1
2819,2024,2,19,3,2,164.6,55.9,20.65,63,58,164.0,63.0,3,888,2,1,0,0
2820,2024,1,49,3,4,175.0,74.8,24.43,124,88,,104.0,2,888,1,1,0,0
2821,2024,2,45,2,4,143.2,52.1,25.43,124,81,168.0,79.0,2,888,3,2,0,0
2822,2024,2,49,3,1,143.2,57.4,27.99,141,73,198.0,,3,888,3,1,0,1
2823,2024,1,64,3,1,164.8,56.4,20.77,126,77,,82.0,3,888,2,2,0,0
2824,2024,2,59,4,2,156.4,,,999,999,172.0,112.0,2,888,2,1,0,1
2825,2024,2,19,1,4,168.1,68.1,24.1,63,52,,91.0,2,888,1,1,0,0
2826,2024,1,64,1,3,167.7,36.0,12.81,126,75,182.0,103.0,3,888,3,1,1,1
2827,2024,1,39,3,2,168.1,55.6,19.67,131,70,215.0,45.0,3,888,2,1,0,0
2828,2024,1,52,1,1,168.6,,,129,78,181.0,70.0,3,888,1,1,0,0
2829,2024,2,52,3,3,153.4,67.9,28.84,89,53,156.0,122.0,3,888,1,2,0,0
2830,2024,1,59,1,4,175.5,73.0,23.7,127,75,207.0,82.0,1,13,2,1,0,0
2831,2024,1,49,4,2,167.8,69.9,24.8,112,71,127.0,75.0,3,888,2,2,0,0
2832,2024,1,36,2,2,170.0,79.8,27.62,130,84,148.0,70.0,3,888,3,2,0,0
2833,2024,1,58,3,1,173.3,74.0,24.63,122,73,159.0,105.0,1,11,2,1,0,0
2834,2024,1,61,3,1,174.8,57.7,18.87,122,85,172.0,129.0,3,888,1,2,0,0
2835,2024,2,57,2,1,154.7,54.1,22.6,102,72,,119.0,1,15,2,1,0,0
2836,2024,2,32,3,4,158.5,61.0,24.28,109,66,,107.0,2,888,2,1,0,0
2837,2024,2,54,3,2,155.7,63.0,25.99,89,49,113.0,78.0,3,888,2,1,0,0
2838,2024,2,27,3,2,160.0,69.4,27.1,135,80,131.0,82.0,1,11,2,2,0,0
2839,2024,2,67,3,1,154.1,55.7,23.47,139,76,,79.0,2,888,2,1,0,0
2840,2024,2,30,2,2,161.1,65.3,25.15,122,74,212.0,84.0,3,888,1,2,0,0
2841,2024,1,57,4,2,164.9,64.4,23.68,117,74,135.0,86.0,2,888,1,1,0,0
2842,2024,2,50,3,3,164.1,72.4,26.89,112,83,207.0,86.0,3,888,1,1,0,0
2843,2024,1,47,1,2,170.0,69.8,24.13,127,68,160.0,97.0,3,888,2,2,1,1
2844,2024,1,19,4,4,170.9,,,109,59,160.0,,1,19,2,1,0,0
2845,2024,1,19,2,4,172.4,55.0,18.53,93,60,197.0,88.0,1,5,2,2,0,0
2846,2024,1,64,2,3,171.4,82.4,28.04,999,999,140.0,106.0,3,888,2,1,0,0
2847,2024,1,57,3,2,179.4,,,118,72,137.0,97.0,3,888,1,2,0,0
2848,2024,1,27,3,3,163.1,64.8,24.35,74,57,,66.0,2,888,2,2,0,0
2849,2024,1,74,1,1,173.1,67.1,22.39,115,73,,,1,23,3,1,0,0
2850,2024,2,47,3,4,175.9,66.4,21.46,122,76,178.0,94.0,3,888,2,2,0,0
2851,2024,1,63,1,9,163.5,,,123,67,164.0,113.0,3,888,3,2,0,0
2852,2024,1,19,4,1,167.9,,,107,55,138.0,91.0,1,14,3,2,0,0
2853,2024,2,57,2,3,163.5,,,111,56,,74.0,2,888,2,1,0,0
2854,2024,2,69,1,1,154.2,67.2,28.26,114,70,145.0,97.0,3,888,3,2,0,0
2855,2024,2,66,3,1,153.6,57.7,24.45,999,999,135.0,95.0,1,10,3,2,0,0
2856,2024,1,64,3,4,164.7,63.5,23.41,999,999,176.0,119.0,2,888,1,2,0,0
2857,2024,1,63,3,3,168.5,80.8,28.47,139,91,197.0,108.0,2,888,2,1,1,1
2858,2024,2,20,9,4,169.4,58.5,20.39,90,63,178.0,77.0,3,888,2,2,0,0
2859,2024,1,89,4,3,180.2,,,129,88,160.0,111.0,1,16,1,1,0,0
2860,2024,1,32,2,2,177.5,,,111,73,,,3,888,3,2,0,0
2861,2024,2,65,3,9,164.8,51.5,18.96,107,74,173.0,99.0,3,888,3,1,0,0
2862,2024,1,21,3,4,170.6,74.2,25.5,87,52,121.0,75.0,1,8,3,1,0,0
2863,2024,2,54,2,4,157.9,74.4,29.83,111,71,130.0,82.0,3,888,2,2,0,0
2864,2024,1,33,3,3,178.7,51.0,15.97,91,76,,40.0,3,888,1,2,0,0
2865,2024,2,72,2,2,162.7,64.5,24.39,144,80,170.0,107.0,3,888,3,1,0,1
2866,2024,2,37,4,4,154.2,45.7,19.22,100,53,191.0,105.0,3,888,1,2,0,0
2867,2024,1,43,2,2,170.9,,,111,66,,112.0,3,888,2,1,0,0
2868,2024,2,26,3,3,162.4,64.0,24.25,101,70,194.0,,1,6,1,2,0,0
2869,2024,1,31,3,2,167.5,72.2,25.71,111,69,184.0,67.0,1,18,2,1,0,0
2870,2024,2,58,1,2,164.9,75.1,27.63,999,999,179.0,113.0,3,888,2,1,0,0
2871,2024,1,35,2,1,171.2,36.0,12.28,110,71,167.0,83.0,3,888,2,2,0,0
2872,2024,2,43,1,2,160.7,55.2,21.35,119,74,173.0,,1,26,1,1,1,1
2873,2024,2,61,2,2,147.4,50.0,23.01,98,60,145.0,,3,888,3,1,0,0
2874,2024,2,38,4,1,159.5,65.7,25.8,114,61,146.0,100.0,3,888,1,1,0,0
2875,2024,1,57,2,2,169.6,,,999,999,163.0,107.0,3,888,3,1,0,0
2876,2024,2,32,2,4,155.3,56.7,23.5,109,64,,90.0,2,888,2,2,0,0
2877,2024,2,72,2,1,157.3,61.2,24.72,999,999,119.0,99.0,3,888,2,1,0,1
2878,2024,1,56,3,3,163.2,,,118,88,231.0,107.0,3,888,2,1,1,1
2879,2024,1,59,4,4,179.5,73.9,22.93,999,999,214.0,86.0,3,888,1,1,0,0
2880,2024,1,68,2,1,184.9,,,137,73,210.0,110.0,1,13,1,1,1,1
2881,2024,1,44,1,1,163.0,65.8,24.76,116,71,,83.0,1,15,1,1,0,0
2882,2024,1,47,2,2,175.4,,,999,999,223.0,,3,888,2,2,0,0
2883,2024,2,56,4,4,155.4,70.7,29.27,122,64,259.0,88.0,3,888,1,1,0,0
2884,2024,2,56,1,2,151.7,57.7,25.09,118,77,134.0,105.0,3,888,2,1,1,1
2885,2024,2,22,3,4,153.3,58.5,24.89,109,63,193.0,91.0,3,888,2,1,0,0
2886,2024,2,62,1,1,159.6,,,110,72,192.0,99.0,3,888,2,1,0,0
2887,2024,2,57,3,4,150.5,54.5,24.06,84,68,175.0,81.0,3,888,2,1,0,0
2888,2024,2,40,3,4,162.3,68.4,25.97,116,78,171.0,89.0,2,888,2,1,0,0
2889,2024,2,57,3,3,160.6,55.3,21.46,133,73,125.0,73.0,3,888,2,1,1,1
2890,2024,1,37,2,2,165.5,,,110,80,124.0,91.0,3,888,1,2,0,0
2891,2024,2,71,3,4,165.6,61.6,22.47,123,75,,109.0,3,888,2,2,0,0
2892,2024,2,29,3,2,160.8,49.8,19.28,101,58,,94.0,2,888,2,2,0,0
2893,2024,1,19,3,4,170.8,63.8,21.88,80,60,126.0,88.0,1,11,3,1,0,0
2894,2024,2,46,4,4,154.9,48.9,20.37,125,68,156.0,96.0,3,888,3,1,0,0
2895,2024,2,69,3,3,160.9,,,114,72,229.0,59.0,3,888,3,1,0,0
2896,2024,2,40,2,1,160.6,58.9,22.82,112,74,150.0,96.0,3,888,2,2,0,0
2897,2024,2,73,2,1,156.4,,,102,56,163.0,70.0,3,888,2,2,1,1
2898,2024,2,41,3,4,162.0,79.2,30.18,109,62,161.0,64.0,1,22,2,2,0,0
2899,2024,1,56,1,2,167.5,,,130,84,213.0,,2,888,2,1,0,0
2900,2024,2,35,3,2,156.3,,,125,67,,95.0,3,888,3,2,0,0
2901,2024,2,34,3,4,163.6,46.3,17.3,100,64,165.0,87.0,1,10,1,1,0,0
2902,2024,1,42,2,1,173.2,65.1,21.71,100,61,129.0,102.0,1,4,2,1,0,0
2903,2024,1,43,4,4,165.1,53.9,19.77,124,72,160.0,76.0,3,888,3,1,0,0
2904,2024,1,72,2,2,167.2,72.5,25.92,99,61,161.0,91.0,1,999,1,1,0,0
2905,2024,1,59,3,4,168.7,74.3,26.09,999,999,128.0,106.0,1,11,1,1,0,0
2906,2024,2,48,1,3,165.3,56.7,20.77,132,78,188.0,97.0,3,888,2,1,0,0
2907,2024,1,87,2,1,170.8,60.6,20.75,999,999,,108.0,3,888,3,1,1,1
2908,2024,1,19,1,1,161.3,61.1,23.5,92,63,218.0,88.0,3,888,3,1,0,0
2909,2024,2,43,2,3,147.8,68.9,31.55,116,61,,97.0,2,888,3,2,0,0
2910,2024,1,43,3,2,166.6,62.4,22.48,122,72,134.0,90.0,3,888,3,1,0,0
2911,2024,2,60,3,3,156.0,74.6,30.65,109,71,190.0,110.0,3,888,1,1,0,0
2912,2024,2,33,2,2,155.3,64.8,26.87,122,63,152.0,75.0,1,22,2,2,0,0
2913,2024,1,65,2,2,159.4,79.0,31.11,137,82,,81.0,1,2,2,1,0,0
2914,2024,1,31,1,1,169.1,77.3,27.04,109,70,,77.0,1,999,3,2,0,0
2915,2024,1,46,3,2,177.1,53.9,17.19,122,64,153.0,117.0,2,888,3,2,0,0
2916,2024,2,44,1,3,152.6,59.0,25.33,125,84,232.0,,3,888,2,2,0,0
2917,2024,1,25,3,9,191.3,89.2,24.38,98,74,184.0,100.0,3,888,2,2,0,0
2918,2024,2,66,2,1,154.3,,,999,999,170.0,,3,888,1,1,0,0
2919,2024,2,37,3,3,165.2,68.1,24.96,129,79,202.0,60.0,2,888,3,1,1,1
2920,2024,2,72,4,2,145.8,61.4,28.88,152,74,,115.0,2,888,3,1,0,1
2921,2024,1,63,3,4,171.2,62.1,21.2,100,63,197.0,,3,888,2,1,1,1
2922,2024,2,36,1,1,157.4,59.2,23.87,120,82,169.0,,3,888,2,2,0,0
2923,2024,2,43,4,3,156.0,69.2,28.43,110,77,189.0,94.0,3,888,2,1,0,0
2924,2024,2,45,1,2,166.2,54.0,19.53,128,64,187.0,93.0,3,888,2,2,0,0
2925,2024,1,48,3,2,159.2,67.6,26.67,133,81,154.0,99.0,2,888,2,2,0,0
2926,2024,1,55,1,3,165.9,57.8,21.01,137,80,132.0,73.0,3,888,2,2,0,0
2927,2024,1,61,4,1,174.7,73.9,24.22,999,999,189.0,97.0,2,888,2,2,1,1
2928,2024,1,36,1,1,158.2,41.3,16.49,95,47,163.0,73.0,3,888,2,1,0,0
2929,2024,1,56,3,4,166.0,60.8,22.06,107,61,162.0,92.0,3,888,1,1,0,0
2930,2024,1,47,1,3,173.5,63.0,20.92,101,67,145.0,86.0,3,888,3,2,0,0
2931,2024,1,28,3,3,172.5,61.5,20.65,106,77,126.0,107.0,2,888,2,1,0,0
2932,2024,1,46,2,4,167.2,,,126,84,146.0,75.0,3,888,1,1,0,0
2933,2024,1,49,4,1,160.6,50.2,19.47,108,62,134.0,88.0,3,888,3,2,0,0
2934,2024,1,58,3,1,167.0,53.4,19.15,130,77,192.0,85.0,3,888,3,2,0,0
2935,2024,2,64,2,9,145.8,58.3,27.45,125,73,189.0,78.0,1,14,2,1,0,0
2936,2024,1,79,1,2,170.1,65.2,22.55,87,41,190.0,98.0,1,9,2,2,0,0
2937,2024,1,47,2,3,179.3,57.7,17.94,999,999,181.0,89.0,3,888,1,2,0,0
2938,2024,2,54,1,1,150.4,66.2,29.28,119,72,138.0,101.0,2,888,1,1,0,0
2939,2024,1,47,2,3,168.1,61.1,21.63,126,80,192.0,93.0,3,888,2,1,0,0
2940,2024,2,67,1,3,157.1,57.1,23.13,126,60,213.0,102.0,3,888,3,2,0,0
2941,2024,2,52,3,4,157.7,64.7,26.02,124,72,,97.0,3,888,2,1,0,0
2942,2024,1,70,3,1,167.9,60.2,21.34,116,73,213.0,90.0,3,888,2,1,0,0
2943,2024,1,43,2,3,169.1,53.9,18.86,110,61,184.0,110.0,3,888,2,1,0,0
2944,2024,2,34,2,4,151.9,57.4,24.87,999,999,164.0,52.0,3,888,1,2,0,0
2945,2024,2,53,1,9,152.8,65.7,28.13,114,62,185.0,79.0,3,888,3,2,0,0
2946,2024,2,79,2,1,160.0,53.7,20.97,999,999,153.0,,2,888,1,2,0,0
2947,2024,1,65,2,1,176.6,75.6,24.23,139,83,147.0,87.0,1,1,3,2,0,0
2948,2024,2,55,1,4,167.1,60.6,21.7,113,55,,119.0,3,888,2,1,0,0
2949,2024,2,62,3,3,153.9,47.4,20.0,135,83,166.0,87.0,3,888,2,1,1,1
2950,2024,1,63,3,2,178.5,77.4,24.29,115,79,93.0,101.0,3,888,2,2,0,0
2951,2024,1,53,1,1,177.5,83.9,26.64,125,85,,,1,9,1,2,0,0
2952,2024,2,54,4,9,148.5,59.9,27.2,999,999,198.0,118.0,3,888,2,2,0,0
2953,2024,9,44,2,1,150.4,49.2,21.75,113,81,141.0,,2,888,1,2,0,0
2954,2024,2,67,1,9,162.2,52.5,19.95,999,999,158.0,96.0,3,888,3,1,0,0
2955,2024,1,49,2,2,179.1,85.7,26.71,101,69,,100.0,3,888,2,1,0,0
2956,2024,2,28,2,1,154.7,57.5,24.02,112,83,237.0,88.0,3,888,2,2,0,0
2957,2024,1,36,2,4,179.2,72.0,22.42,119,75,163.0,90.0,1,6,2,1,1,1
2958,2024,1,74,3,3,178.9,,,152,85,171.0,94.0,3,888,3,1,1,1
2959,2024,2,61,2,3,162.4,62.7,23.79,999,999,,107.0,3,888,2,1,0,0
2960,2024,2,48,3,4,148.7,48.8,22.05,130,79,102.0,86.0,3,888,2,2,0,0
2961,2024,2,33,4,4,161.3,,,999,999,124.0,100.0,3,888,1,1,0,0
2962,2024,1,31,3,4,173.2,60.1,20.02,109,70,131.0,49.0,1,26,2,1,0,0
2963,2024,2,23,3,1,147.9,65.2,29.79,76,48,205.0,62.0,3,888,2,2,0,0
2964,2024,2,46,3,3,147.8,50.3,23.03,101,70,,105.0,3,888,1,2,0,0
2965,2024,1,55,4,2,164.1,58.4,21.69,130,70,148.0,86.0,3,888,3,2,0,0
2966,2024,1,48,3,1,174.7,49.9,16.35,124,56,190.0,91.0,9,999,1,2,0,0
2967,2024,2,43,1,1,156.0,56.1,23.06,121,79,126.0,,2,888,1,1,0,0
2968,2024,1,84,2,9,159.4,62.4,24.57,131,84,209.0,107.0,3,888,1,1,1,1
2969,2024,1,71,2,1,166.8,59.9,21.53,145,78,124.0,78.0,9,999,1,1,0,1
2970,2024,1,54,4,3,173.7,46.1,15.25,118,78,155.0,86.0,2,888,1,1,0,0
2971,2024,2,52,2,1,160.2,73.2,28.55,134,81,187.0,96.0,3,888,2,2,0,0
2972,2024,2,76,3,1,156.4,,,999,999,137.0,108.0,3,888,1,2,0,0
2973,2024,2,48,3,3,152.7,69.8,29.92,109,52,194.0,131.0,3,888,2,1,0,0
2974,2024,1,41,3,3,173.1,72.9,24.33,106,61,129.0,,3,888,1,2,0,0
2975,2024,1,63,3,1,175.5,50.2,16.29,143,84,163.0,,3,888,3,1,0,1
2976,2024,1,39,1,3,172.0,65.3,22.06,135,66,148.0,,3,888,1,1,0,0
2977,2024,2,36,3,2,158.6,54.4,21.65,96,63,128.0,86.0,1,8,2,1,0,0
2978,2024,1,51,3,4,172.6,64.0,21.49,107,71,134.0,122.0,2,888,2,1,0,0
2979,2024,2,59,1,1,152.0,48.7,21.08,121,74,181.0,79.0,3,888,2,2,1,1
2980,2024,2,27,3,4,163.9,56.4,20.99,109,76,183.0,107.0,1,14,3,2,0,0
2981,2024,2,49,1,4,159.4,68.8,27.07,150,94,196.0,96.0,3,888,2,1,0,1
2982,2024,1,24,3,2,171.3,67.7,23.05,98,55,153.0,64.0,3,888,2,1,0,0
2983,2024,2,44,4,4,160.8,67.0,25.92,110,70,,92.0,1,11,2,1,0,0
2984,2024,1,28,3,4,172.7,86.5,29.02,121,71,144.0,105.0,1,17,2,1,0,0
2985,2024,1,23,3,4,167.3,67.2,24.01,108,65,160.0,92.0,1,8,1,1,0,0
2986,2024,2,39,4,2,162.3,57.3,21.76,128,76,155.0,101.0,3,888,2,2,0,0
2987,2024,2,71,1,2,159.9,71.8,28.09,999,999,,106.0,2,888,2,1,1,1
2988,2024,2,58,4,4,153.5,68.2,28.96,999,999,184.0,117.0,3,888,1,1,0,0
2989,2024,1,49,9,2,172.6,78.0,26.2,101,72,186.0,91.0,3,888,2,1,0,0
2990,2024,2,70,3,4,159.0,71.5,28.28,141,90,209.0,126.0,2,888,1,2,0,1
2991,2024,1,45,3,2,172.2,54.8,18.47,115,65,195.0,89.0,3,888,3,1,0,0
2992,2024,1,61,1,1,174.8,,,149,94,214.0,96.0,1,18,2,2,0,1
2993,2024,1,88,3,3,170.9,73.8,25.26,139,75,191.0,127.0,3,888,3,1,1,1
2994,2024,2,57,2,1,161.6,,,103,60,202.0,107.0,3,888,3,1,0,0
2995,2024,2,56,3,2,157.2,65.6,26.55,124,77,147.0,64.0,3,888,2,1,0,0
2996,2024,1,27,2,1,171.5,,,96,75,158.0,80.0,1,18,1,1,0,0
2997,2024,2,65,3,2,160.9,65.0,25.12,97,58,175.0,140.0,3,888,2,2,0,0
2998,2024,1,30,4,4,177.7,58.0,18.36,100,61,159.0,,1,18,3,1,0,0
2999,2024,2,54,4,4,158.7,57.1,22.66,110,77,193.0,109.0,3,888,2,1,0,0
3000,2024,2,66,4,4,168.6,75.0,26.4,134,76,,122.0,3,888,2,2,0,0
